#
# There is insufficient memory for the Java Runtime Environment to continue.
# Native memory allocation (mmap) failed to map 1790967808 bytes for G1 virtual space
# Possible reasons:
#   The system is out of physical RAM or swap space
#   The process is running with CompressedOops enabled, and the Java Heap may be blocking the growth of the native heap
# Possible solutions:
#   Reduce memory load on the system
#   Increase physical memory or swap space
#   Check if swap backing store is full
#   Decrease Java heap size (-Xmx/-Xms)
#   Decrease number of Java threads
#   Decrease Java thread stack sizes (-Xss)
#   Set larger code cache with -XX:ReservedCodeCacheSize=
#   JVM is running with Zero Based Compressed Oops mode in which the Java heap is
#     placed in the first 32GB address space. The Java Heap base address is the
#     maximum limit for the native heap growth. Please use -XX:HeapBaseMinAddress
#     to set the Java Heap base and to place the Java Heap above 32GB virtual address.
# This output file may be truncated or incomplete.
#
#  Out of Memory Error (os_windows.cpp:3600), pid=75416, tid=41068
#
# JRE version: OpenJDK Runtime Environment (21.0.2+13) (build 21.0.2+13-58)
# Java VM: OpenJDK 64-Bit Server VM (21.0.2+13-58, mixed mode, sharing, tiered, compressed oops, compressed class ptrs, g1 gc, windows-amd64)
# Core dump will be written. Default location: C:\Users\SHatwar\IdeaProjects\sarthak_turnOff_gng_searchaccounts_api\hs_err_pid75416.mdmp
#

---------------  S U M M A R Y ------------

Command Line: -ea -Dallure.results.directory=C:\Users\SHatwar\IdeaProjects\sarthak_turnOff_gng_searchaccounts_api\target/allure-results -Doracle.jdbc.timezoneAsRegion=false -Didea.test.cyclic.buffer.size=1048576 -javaagent:C:\Program Files\JetBrains\IntelliJ IDEA Community Edition 2024.3.3\lib\idea_rt.jar=59665:C:\Program Files\JetBrains\IntelliJ IDEA Community Edition 2024.3.3\bin -javaagent:C:\Users\SHatwar\AppData\Local\JetBrains\IdeaIC2024.3\captureAgent\debugger-agent.jar -Dkotlinx.coroutines.debug.enable.creation.stack.trace=false -Ddebugger.agent.enable.coroutines=true -Dkotlinx.coroutines.debug.enable.flows.stack.trace=true -Dkotlinx.coroutines.debug.enable.mutable.state.flows.stack.trace=true -Dfile.encoding=UTF-8 -Dsun.stdout.encoding=UTF-8 -Dsun.stderr.encoding=UTF-8 com.intellij.rt.testng.RemoteTestNGStarter -usedefaultlisteners false -socket59664 @w@C:\Users\SHatwar\AppData\Local\Temp\idea_working_dirs_testng.tmp -temp C:\Users\SHatwar\AppData\Local\Temp\idea_testng.tmp

Host: Intel(R) Xeon(R) Platinum 8171M CPU @ 2.60GHz, 8 cores, 31G,  Windows Server 2019 , 64 bit Build 19041 (10.0.19041.1023)
Time: Mon Jun  9 13:01:53 2025 Coordinated Universal Time elapsed time: 100.189686 seconds (0d 0h 1m 40s)

---------------  T H R E A D  ---------------

Current thread (0x000001665184fae0):  VMThread "VM Thread"          [id=41068, stack(0x0000005719b00000,0x0000005719c00000) (1024K)]

Stack: [0x0000005719b00000,0x0000005719c00000]
Native frames: (J=compiled Java code, j=interpreted, Vv=VM code, C=native code)
V  [jvm.dll+0x6cade9]
V  [jvm.dll+0x8569c1]
V  [jvm.dll+0x858d2e]
V  [jvm.dll+0x859413]
V  [jvm.dll+0x280e56]
V  [jvm.dll+0x6c74d5]
V  [jvm.dll+0x6bbeca]
V  [jvm.dll+0x355bca]
V  [jvm.dll+0x35d816]
V  [jvm.dll+0x3ae67e]
V  [jvm.dll+0x3ae928]
V  [jvm.dll+0x3295dc]
V  [jvm.dll+0x32be86]
V  [jvm.dll+0x335dde]
V  [jvm.dll+0x36c045]
V  [jvm.dll+0x85ef18]
V  [jvm.dll+0x860014]
V  [jvm.dll+0x860550]
V  [jvm.dll+0x8607f3]
V  [jvm.dll+0x7ff568]
V  [jvm.dll+0x6c953d]
C  [ucrtbase.dll+0x21bb2]
C  [KERNEL32.DLL+0x17034]
C  [ntdll.dll+0x52651]

VM_Operation (0x00000057196ff760): G1PauseRemark, mode: safepoint, requested by thread 0x000001662bdf5c60


---------------  P R O C E S S  ---------------

Threads class SMR info:
_java_thread_list=0x0000016699321da0, length=17, elements={
0x000001662bd3b770, 0x00000166970044b0, 0x00000166970052d0, 0x0000016697005f90,
0x00000166970069f0, 0x0000016697007600, 0x0000016697008060, 0x0000016697008df0,
0x0000016697009bf0, 0x0000016697110c50, 0x0000016697256000, 0x00000166972f3640,
0x000001669a7925b0, 0x0000016697b24500, 0x000001669d2ba030, 0x000001669d2bd4b0,
0x000001669d2bc100
}

Java Threads: ( => current thread )
  0x000001662bd3b770 JavaThread "main"                              [_thread_blocked, id=58000, stack(0x0000005719400000,0x0000005719500000) (1024K)]
  0x00000166970044b0 JavaThread "Reference Handler"          daemon [_thread_blocked, id=24468, stack(0x0000005719c00000,0x0000005719d00000) (1024K)]
  0x00000166970052d0 JavaThread "Finalizer"                  daemon [_thread_blocked, id=25488, stack(0x0000005719d00000,0x0000005719e00000) (1024K)]
  0x0000016697005f90 JavaThread "Signal Dispatcher"          daemon [_thread_blocked, id=30516, stack(0x0000005719e00000,0x0000005719f00000) (1024K)]
  0x00000166970069f0 JavaThread "Attach Listener"            daemon [_thread_blocked, id=61136, stack(0x0000005719f00000,0x000000571a000000) (1024K)]
  0x0000016697007600 JavaThread "Service Thread"             daemon [_thread_blocked, id=73828, stack(0x000000571a000000,0x000000571a100000) (1024K)]
  0x0000016697008060 JavaThread "Monitor Deflation Thread"   daemon [_thread_blocked, id=70500, stack(0x000000571a100000,0x000000571a200000) (1024K)]
  0x0000016697008df0 JavaThread "C2 CompilerThread0"         daemon [_thread_blocked, id=33004, stack(0x000000571a200000,0x000000571a300000) (1024K)]
  0x0000016697009bf0 JavaThread "C1 CompilerThread0"         daemon [_thread_blocked, id=40452, stack(0x000000571a300000,0x000000571a400000) (1024K)]
  0x0000016697110c50 JavaThread "Common-Cleaner"             daemon [_thread_blocked, id=14624, stack(0x000000571a400000,0x000000571a500000) (1024K)]
  0x0000016697256000 JavaThread "Monitor Ctrl-Break"         daemon [_thread_in_native, id=74344, stack(0x000000571a500000,0x000000571a600000) (1024K)]
  0x00000166972f3640 JavaThread "Notification Thread"        daemon [_thread_blocked, id=75548, stack(0x000000571a600000,0x000000571a700000) (1024K)]
  0x000001669a7925b0 JavaThread "TestNG-PoolService-1"              [_thread_blocked, id=25164, stack(0x000000571b100000,0x000000571b200000) (1024K)]
  0x0000016697b24500 JavaThread "ForkJoinPool.commonPool-worker-2" daemon [_thread_blocked, id=12004, stack(0x000000571af00000,0x000000571b000000) (1024K)]
  0x000001669d2ba030 JavaThread "oracle.jdbc.diagnostics.Diagnostic.CLOCK" daemon [_thread_blocked, id=74988, stack(0x000000571b400000,0x000000571b500000) (1024K)]
  0x000001669d2bd4b0 JavaThread "oracle.jdbc.driver.BlockSource.ThreadedCachingBlockSource.BlockReleaser" daemon [_thread_blocked, id=68140, stack(0x000000571b500000,0x000000571b600000) (1024K)]
  0x000001669d2bc100 JavaThread "InterruptTimer"             daemon [_thread_blocked, id=11972, stack(0x000000571b700000,0x000000571b800000) (1024K)]
Total: 17

Other Threads:
=>0x000001665184fae0 VMThread "VM Thread"                           [id=41068, stack(0x0000005719b00000,0x0000005719c00000) (1024K)]
  0x000001665183b4e0 WatcherThread "VM Periodic Task Thread"        [id=32796, stack(0x0000005719a00000,0x0000005719b00000) (1024K)]
  0x000001662bde4560 WorkerThread "GC Thread#0"                     [id=67496, stack(0x0000005719500000,0x0000005719600000) (1024K)]
  0x0000016697fbe700 WorkerThread "GC Thread#1"                     [id=67712, stack(0x000000571a800000,0x000000571a900000) (1024K)]
  0x000001669802da70 WorkerThread "GC Thread#2"                     [id=74736, stack(0x000000571a900000,0x000000571aa00000) (1024K)]
  0x0000016698018bc0 WorkerThread "GC Thread#3"                     [id=74860, stack(0x000000571aa00000,0x000000571ab00000) (1024K)]
  0x0000016698018f60 WorkerThread "GC Thread#4"                     [id=73096, stack(0x000000571ab00000,0x000000571ac00000) (1024K)]
  0x0000016697fb0270 WorkerThread "GC Thread#5"                     [id=53400, stack(0x000000571ac00000,0x000000571ad00000) (1024K)]
  0x0000016697fe8810 WorkerThread "GC Thread#6"                     [id=54004, stack(0x000000571ad00000,0x000000571ae00000) (1024K)]
  0x0000016697fe8bb0 WorkerThread "GC Thread#7"                     [id=62708, stack(0x000000571ae00000,0x000000571af00000) (1024K)]
  0x000001662bdf5c60 ConcurrentGCThread "G1 Main Marker"            [id=36348, stack(0x0000005719600000,0x0000005719700000) (1024K)]
  0x000001662bdf6670 WorkerThread "G1 Conc#0"                       [id=65092, stack(0x0000005719700000,0x0000005719800000) (1024K)]
  0x00000166984a5050 WorkerThread "G1 Conc#1"                       [id=25952, stack(0x000000571b000000,0x000000571b100000) (1024K)]
  0x00000166516fb3f0 ConcurrentGCThread "G1 Refine#0"               [id=16628, stack(0x0000005719800000,0x0000005719900000) (1024K)]
  0x00000166516fbe70 ConcurrentGCThread "G1 Service"                [id=69968, stack(0x0000005719900000,0x0000005719a00000) (1024K)]
Total: 15

Threads with active compile tasks:
Total: 0

VM state: at safepoint (normal execution)

VM Mutex/Monitor currently owned by a thread:  ([mutex/lock_event])
[0x00007ffb5a10cd68] Threads_lock - owner thread: 0x000001665184fae0
[0x00007ffb5a10ce68] Heap_lock - owner thread: 0x000001662bdf5c60

Heap address: 0x0000000600000000, size: 8192 MB, Compressed Oops mode: Zero based, Oop shift amount: 3

CDS archive(s) mapped at: [0x0000016652000000-0x0000016652c90000-0x0000016652c90000), size 13172736, SharedBaseAddress: 0x0000016652000000, ArchiveRelocationMode: 1.
Compressed class space mapped at: 0x0000016653000000-0x0000016693000000, reserved size: 1073741824
Narrow klass base: 0x0000016652000000, Narrow klass shift: 0, Narrow klass range: 0x100000000

GC Precious Log:
 CardTable entry size: 512
 Card Set container configuration: InlinePtr #cards 4 size 8 Array Of Cards #cards 32 size 80 Howl #buckets 8 coarsen threshold 7372 Howl Bitmap #cards 1024 size 144 coarsen threshold 921 Card regions per heap region 1 cards per card region 8192
 CPUs: 8 total, 8 available
 Memory: 32767M
 Large Page Support: Disabled
 NUMA Support: Disabled
 Compressed Oops: Enabled (Zero based)
 Heap Region Size: 4M
 Heap Min Capacity: 8M
 Heap Initial Capacity: 512M
 Heap Max Capacity: 8G
 Pre-touch: Disabled
 Parallel Workers: 8
 Concurrent Workers: 2
 Concurrent Refinement Workers: 8
 Periodic GC: Disabled

Heap:
 garbage-first heap   total 4370432K, used 3663872K [0x0000000600000000, 0x0000000800000000)
  region size 4096K, 16 young (65536K), 6 survivors (24576K)
 Metaspace       used 66424K, committed 67456K, reserved 1114112K
  class space    used 8162K, committed 8576K, reserved 1048576K

Heap Regions: E=young(eden), S=young(survivor), O=old, HS=humongous(starts), HC=humongous(continues), CS=collection set, F=free, TAMS=top-at-mark-start, PB=parsable bottom
|   0|0x0000000600000000, 0x0000000600400000, 0x0000000600400000|100%| O|  |TAMS 0x0000000600400000| PB 0x0000000600400000| Untracked 
|   1|0x0000000600400000, 0x0000000600800000, 0x0000000600800000|100%| O|  |TAMS 0x0000000600800000| PB 0x0000000600800000| Updating 
|   2|0x0000000600800000, 0x0000000600c00000, 0x0000000600c00000|100%| O|  |TAMS 0x0000000600c00000| PB 0x0000000600c00000| Untracked 
|   3|0x0000000600c00000, 0x0000000601000000, 0x0000000601000000|100%| O|  |TAMS 0x0000000601000000| PB 0x0000000601000000| Untracked 
|   4|0x0000000601000000, 0x0000000601400000, 0x0000000601400000|100%| O|  |TAMS 0x0000000601400000| PB 0x0000000601400000| Untracked 
|   5|0x0000000601400000, 0x0000000601800000, 0x0000000601800000|100%| O|  |TAMS 0x0000000601800000| PB 0x0000000601800000| Untracked 
|   6|0x0000000601800000, 0x0000000601c00000, 0x0000000601c00000|100%| O|  |TAMS 0x0000000601c00000| PB 0x0000000601c00000| Untracked 
|   7|0x0000000601c00000, 0x0000000602000000, 0x0000000602000000|100%| O|  |TAMS 0x0000000602000000| PB 0x0000000602000000| Untracked 
|   8|0x0000000602000000, 0x0000000602400000, 0x0000000602400000|100%| O|  |TAMS 0x0000000602400000| PB 0x0000000602400000| Untracked 
|   9|0x0000000602400000, 0x0000000602800000, 0x0000000602800000|100%| O|  |TAMS 0x0000000602800000| PB 0x0000000602800000| Untracked 
|  10|0x0000000602800000, 0x0000000602c00000, 0x0000000602c00000|100%| O|  |TAMS 0x0000000602c00000| PB 0x0000000602c00000| Untracked 
|  11|0x0000000602c00000, 0x0000000603000000, 0x0000000603000000|100%| O|  |TAMS 0x0000000603000000| PB 0x0000000603000000| Untracked 
|  12|0x0000000603000000, 0x0000000603400000, 0x0000000603400000|100%| O|  |TAMS 0x0000000603400000| PB 0x0000000603400000| Untracked 
|  13|0x0000000603400000, 0x0000000603800000, 0x0000000603800000|100%| O|  |TAMS 0x0000000603800000| PB 0x0000000603800000| Untracked 
|  14|0x0000000603800000, 0x0000000603c00000, 0x0000000603c00000|100%| O|  |TAMS 0x0000000603c00000| PB 0x0000000603c00000| Untracked 
|  15|0x0000000603c00000, 0x0000000604000000, 0x0000000604000000|100%| O|  |TAMS 0x0000000604000000| PB 0x0000000604000000| Untracked 
|  16|0x0000000604000000, 0x0000000604400000, 0x0000000604400000|100%| O|  |TAMS 0x0000000604400000| PB 0x0000000604400000| Untracked 
|  17|0x0000000604400000, 0x0000000604800000, 0x0000000604800000|100%| O|  |TAMS 0x0000000604800000| PB 0x0000000604800000| Untracked 
|  18|0x0000000604800000, 0x0000000604c00000, 0x0000000604c00000|100%| O|  |TAMS 0x0000000604c00000| PB 0x0000000604c00000| Untracked 
|  19|0x0000000604c00000, 0x0000000605000000, 0x0000000605000000|100%| O|  |TAMS 0x0000000605000000| PB 0x0000000605000000| Untracked 
|  20|0x0000000605000000, 0x0000000605400000, 0x0000000605400000|100%| O|  |TAMS 0x0000000605400000| PB 0x0000000605400000| Updating 
|  21|0x0000000605400000, 0x0000000605800000, 0x0000000605800000|100%| O|  |TAMS 0x0000000605800000| PB 0x0000000605800000| Untracked 
|  22|0x0000000605800000, 0x0000000605c00000, 0x0000000605c00000|100%| O|  |TAMS 0x0000000605c00000| PB 0x0000000605c00000| Updating 
|  23|0x0000000605c00000, 0x0000000606000000, 0x0000000606000000|100%| O|  |TAMS 0x0000000606000000| PB 0x0000000606000000| Untracked 
|  24|0x0000000606000000, 0x0000000606400000, 0x0000000606400000|100%| O|  |TAMS 0x0000000606400000| PB 0x0000000606400000| Updating 
|  25|0x0000000606400000, 0x0000000606800000, 0x0000000606800000|100%| O|  |TAMS 0x0000000606800000| PB 0x0000000606800000| Updating 
|  26|0x0000000606800000, 0x0000000606c00000, 0x0000000606c00000|100%| O|  |TAMS 0x0000000606c00000| PB 0x0000000606c00000| Untracked 
|  27|0x0000000606c00000, 0x0000000607000000, 0x0000000607000000|100%| O|  |TAMS 0x0000000607000000| PB 0x0000000607000000| Untracked 
|  28|0x0000000607000000, 0x0000000607400000, 0x0000000607400000|100%| O|  |TAMS 0x0000000607400000| PB 0x0000000607400000| Updating 
|  29|0x0000000607400000, 0x0000000607800000, 0x0000000607800000|100%| O|  |TAMS 0x0000000607800000| PB 0x0000000607800000| Untracked 
|  30|0x0000000607800000, 0x0000000607c00000, 0x0000000607c00000|100%| O|  |TAMS 0x0000000607c00000| PB 0x0000000607c00000| Untracked 
|  31|0x0000000607c00000, 0x0000000608000000, 0x0000000608000000|100%| O|  |TAMS 0x0000000608000000| PB 0x0000000608000000| Untracked 
|  32|0x0000000608000000, 0x0000000608400000, 0x0000000608400000|100%| O|  |TAMS 0x0000000608400000| PB 0x0000000608400000| Untracked 
|  33|0x0000000608400000, 0x0000000608800000, 0x0000000608800000|100%| O|  |TAMS 0x0000000608800000| PB 0x0000000608800000| Untracked 
|  34|0x0000000608800000, 0x0000000608c00000, 0x0000000608c00000|100%| O|  |TAMS 0x0000000608c00000| PB 0x0000000608c00000| Updating 
|  35|0x0000000608c00000, 0x0000000609000000, 0x0000000609000000|100%| O|  |TAMS 0x0000000609000000| PB 0x0000000609000000| Untracked 
|  36|0x0000000609000000, 0x0000000609400000, 0x0000000609400000|100%| O|  |TAMS 0x0000000609400000| PB 0x0000000609400000| Untracked 
|  37|0x0000000609400000, 0x0000000609800000, 0x0000000609800000|100%| O|  |TAMS 0x0000000609800000| PB 0x0000000609800000| Untracked 
|  38|0x0000000609800000, 0x0000000609c00000, 0x0000000609c00000|100%| O|  |TAMS 0x0000000609c00000| PB 0x0000000609c00000| Untracked 
|  39|0x0000000609c00000, 0x000000060a000000, 0x000000060a000000|100%| O|  |TAMS 0x000000060a000000| PB 0x000000060a000000| Updating 
|  40|0x000000060a000000, 0x000000060a400000, 0x000000060a400000|100%| O|  |TAMS 0x000000060a400000| PB 0x000000060a400000| Untracked 
|  41|0x000000060a400000, 0x000000060a800000, 0x000000060a800000|100%| O|  |TAMS 0x000000060a800000| PB 0x000000060a800000| Untracked 
|  42|0x000000060a800000, 0x000000060ac00000, 0x000000060ac00000|100%| O|  |TAMS 0x000000060ac00000| PB 0x000000060ac00000| Untracked 
|  43|0x000000060ac00000, 0x000000060b000000, 0x000000060b000000|100%| O|  |TAMS 0x000000060b000000| PB 0x000000060b000000| Untracked 
|  44|0x000000060b000000, 0x000000060b400000, 0x000000060b400000|100%| O|  |TAMS 0x000000060b400000| PB 0x000000060b400000| Untracked 
|  45|0x000000060b400000, 0x000000060b800000, 0x000000060b800000|100%| O|  |TAMS 0x000000060b800000| PB 0x000000060b800000| Untracked 
|  46|0x000000060b800000, 0x000000060bc00000, 0x000000060bc00000|100%| O|  |TAMS 0x000000060bc00000| PB 0x000000060bc00000| Untracked 
|  47|0x000000060bc00000, 0x000000060c000000, 0x000000060c000000|100%| O|  |TAMS 0x000000060c000000| PB 0x000000060c000000| Untracked 
|  48|0x000000060c000000, 0x000000060c400000, 0x000000060c400000|100%| O|  |TAMS 0x000000060c400000| PB 0x000000060c400000| Untracked 
|  49|0x000000060c400000, 0x000000060c800000, 0x000000060c800000|100%| O|  |TAMS 0x000000060c800000| PB 0x000000060c800000| Untracked 
|  50|0x000000060c800000, 0x000000060cc00000, 0x000000060cc00000|100%| O|  |TAMS 0x000000060cc00000| PB 0x000000060cc00000| Untracked 
|  51|0x000000060cc00000, 0x000000060d000000, 0x000000060d000000|100%| O|  |TAMS 0x000000060d000000| PB 0x000000060d000000| Untracked 
|  52|0x000000060d000000, 0x000000060d400000, 0x000000060d400000|100%| O|  |TAMS 0x000000060d400000| PB 0x000000060d400000| Untracked 
|  53|0x000000060d400000, 0x000000060d800000, 0x000000060d800000|100%| O|  |TAMS 0x000000060d800000| PB 0x000000060d800000| Untracked 
|  54|0x000000060d800000, 0x000000060dc00000, 0x000000060dc00000|100%| O|  |TAMS 0x000000060dc00000| PB 0x000000060dc00000| Untracked 
|  55|0x000000060dc00000, 0x000000060e000000, 0x000000060e000000|100%| O|  |TAMS 0x000000060e000000| PB 0x000000060e000000| Untracked 
|  56|0x000000060e000000, 0x000000060e400000, 0x000000060e400000|100%| O|  |TAMS 0x000000060e400000| PB 0x000000060e400000| Updating 
|  57|0x000000060e400000, 0x000000060e800000, 0x000000060e800000|100%| O|  |TAMS 0x000000060e800000| PB 0x000000060e800000| Untracked 
|  58|0x000000060e800000, 0x000000060ec00000, 0x000000060ec00000|100%| O|  |TAMS 0x000000060ec00000| PB 0x000000060ec00000| Untracked 
|  59|0x000000060ec00000, 0x000000060f000000, 0x000000060f000000|100%| O|  |TAMS 0x000000060f000000| PB 0x000000060f000000| Updating 
|  60|0x000000060f000000, 0x000000060f400000, 0x000000060f400000|100%| O|  |TAMS 0x000000060f400000| PB 0x000000060f400000| Updating 
|  61|0x000000060f400000, 0x000000060f800000, 0x000000060f800000|100%| O|  |TAMS 0x000000060f800000| PB 0x000000060f800000| Untracked 
|  62|0x000000060f800000, 0x000000060fc00000, 0x000000060fc00000|100%| O|  |TAMS 0x000000060fc00000| PB 0x000000060fc00000| Untracked 
|  63|0x000000060fc00000, 0x0000000610000000, 0x0000000610000000|100%| O|  |TAMS 0x0000000610000000| PB 0x0000000610000000| Untracked 
|  64|0x0000000610000000, 0x0000000610400000, 0x0000000610400000|100%| O|  |TAMS 0x0000000610400000| PB 0x0000000610400000| Untracked 
|  65|0x0000000610400000, 0x0000000610800000, 0x0000000610800000|100%| O|  |TAMS 0x0000000610800000| PB 0x0000000610800000| Untracked 
|  66|0x0000000610800000, 0x0000000610c00000, 0x0000000610c00000|100%| O|  |TAMS 0x0000000610c00000| PB 0x0000000610c00000| Untracked 
|  67|0x0000000610c00000, 0x0000000611000000, 0x0000000611000000|100%| O|  |TAMS 0x0000000611000000| PB 0x0000000611000000| Untracked 
|  68|0x0000000611000000, 0x0000000611400000, 0x0000000611400000|100%| O|  |TAMS 0x0000000611400000| PB 0x0000000611400000| Untracked 
|  69|0x0000000611400000, 0x0000000611800000, 0x0000000611800000|100%| O|  |TAMS 0x0000000611800000| PB 0x0000000611800000| Untracked 
|  70|0x0000000611800000, 0x0000000611c00000, 0x0000000611c00000|100%| O|  |TAMS 0x0000000611c00000| PB 0x0000000611c00000| Untracked 
|  71|0x0000000611c00000, 0x0000000612000000, 0x0000000612000000|100%| O|  |TAMS 0x0000000612000000| PB 0x0000000612000000| Untracked 
|  72|0x0000000612000000, 0x0000000612400000, 0x0000000612400000|100%| O|  |TAMS 0x0000000612400000| PB 0x0000000612400000| Untracked 
|  73|0x0000000612400000, 0x0000000612800000, 0x0000000612800000|100%| O|  |TAMS 0x0000000612800000| PB 0x0000000612800000| Untracked 
|  74|0x0000000612800000, 0x0000000612c00000, 0x0000000612c00000|100%| O|  |TAMS 0x0000000612c00000| PB 0x0000000612c00000| Untracked 
|  75|0x0000000612c00000, 0x0000000613000000, 0x0000000613000000|100%| O|  |TAMS 0x0000000613000000| PB 0x0000000613000000| Untracked 
|  76|0x0000000613000000, 0x0000000613400000, 0x0000000613400000|100%| O|  |TAMS 0x0000000613400000| PB 0x0000000613400000| Updating 
|  77|0x0000000613400000, 0x0000000613800000, 0x0000000613800000|100%| O|  |TAMS 0x0000000613800000| PB 0x0000000613800000| Untracked 
|  78|0x0000000613800000, 0x0000000613c00000, 0x0000000613c00000|100%| O|  |TAMS 0x0000000613c00000| PB 0x0000000613c00000| Untracked 
|  79|0x0000000613c00000, 0x0000000614000000, 0x0000000614000000|100%| O|  |TAMS 0x0000000614000000| PB 0x0000000614000000| Untracked 
|  80|0x0000000614000000, 0x0000000614400000, 0x0000000614400000|100%| O|  |TAMS 0x0000000614400000| PB 0x0000000614400000| Untracked 
|  81|0x0000000614400000, 0x0000000614800000, 0x0000000614800000|100%| O|  |TAMS 0x0000000614800000| PB 0x0000000614800000| Untracked 
|  82|0x0000000614800000, 0x0000000614c00000, 0x0000000614c00000|100%| O|  |TAMS 0x0000000614c00000| PB 0x0000000614c00000| Untracked 
|  83|0x0000000614c00000, 0x0000000615000000, 0x0000000615000000|100%| O|  |TAMS 0x0000000615000000| PB 0x0000000615000000| Untracked 
|  84|0x0000000615000000, 0x0000000615400000, 0x0000000615400000|100%| O|  |TAMS 0x0000000615400000| PB 0x0000000615400000| Untracked 
|  85|0x0000000615400000, 0x0000000615800000, 0x0000000615800000|100%| O|  |TAMS 0x0000000615800000| PB 0x0000000615800000| Untracked 
|  86|0x0000000615800000, 0x0000000615c00000, 0x0000000615c00000|100%| O|  |TAMS 0x0000000615c00000| PB 0x0000000615c00000| Untracked 
|  87|0x0000000615c00000, 0x0000000616000000, 0x0000000616000000|100%| O|  |TAMS 0x0000000616000000| PB 0x0000000616000000| Updating 
|  88|0x0000000616000000, 0x0000000616400000, 0x0000000616400000|100%| O|  |TAMS 0x0000000616400000| PB 0x0000000616400000| Untracked 
|  89|0x0000000616400000, 0x0000000616800000, 0x0000000616800000|100%| O|  |TAMS 0x0000000616800000| PB 0x0000000616800000| Untracked 
|  90|0x0000000616800000, 0x0000000616c00000, 0x0000000616c00000|100%| O|  |TAMS 0x0000000616c00000| PB 0x0000000616c00000| Untracked 
|  91|0x0000000616c00000, 0x0000000617000000, 0x0000000617000000|100%| O|  |TAMS 0x0000000617000000| PB 0x0000000617000000| Untracked 
|  92|0x0000000617000000, 0x0000000617400000, 0x0000000617400000|100%| O|  |TAMS 0x0000000617400000| PB 0x0000000617400000| Untracked 
|  93|0x0000000617400000, 0x0000000617800000, 0x0000000617800000|100%| O|  |TAMS 0x0000000617800000| PB 0x0000000617800000| Untracked 
|  94|0x0000000617800000, 0x0000000617c00000, 0x0000000617c00000|100%| O|  |TAMS 0x0000000617c00000| PB 0x0000000617c00000| Untracked 
|  95|0x0000000617c00000, 0x0000000618000000, 0x0000000618000000|100%| O|  |TAMS 0x0000000618000000| PB 0x0000000618000000| Untracked 
|  96|0x0000000618000000, 0x0000000618400000, 0x0000000618400000|100%| O|  |TAMS 0x0000000618400000| PB 0x0000000618400000| Untracked 
|  97|0x0000000618400000, 0x0000000618800000, 0x0000000618800000|100%| O|  |TAMS 0x0000000618800000| PB 0x0000000618800000| Updating 
|  98|0x0000000618800000, 0x0000000618c00000, 0x0000000618c00000|100%| O|  |TAMS 0x0000000618c00000| PB 0x0000000618c00000| Untracked 
|  99|0x0000000618c00000, 0x0000000619000000, 0x0000000619000000|100%| O|  |TAMS 0x0000000619000000| PB 0x0000000619000000| Untracked 
| 100|0x0000000619000000, 0x0000000619400000, 0x0000000619400000|100%| O|  |TAMS 0x0000000619400000| PB 0x0000000619400000| Untracked 
| 101|0x0000000619400000, 0x0000000619800000, 0x0000000619800000|100%| O|  |TAMS 0x0000000619800000| PB 0x0000000619800000| Untracked 
| 102|0x0000000619800000, 0x0000000619c00000, 0x0000000619c00000|100%| O|  |TAMS 0x0000000619c00000| PB 0x0000000619c00000| Untracked 
| 103|0x0000000619c00000, 0x000000061a000000, 0x000000061a000000|100%| O|  |TAMS 0x000000061a000000| PB 0x000000061a000000| Untracked 
| 104|0x000000061a000000, 0x000000061a400000, 0x000000061a400000|100%| O|  |TAMS 0x000000061a400000| PB 0x000000061a400000| Untracked 
| 105|0x000000061a400000, 0x000000061a800000, 0x000000061a800000|100%| O|  |TAMS 0x000000061a800000| PB 0x000000061a800000| Untracked 
| 106|0x000000061a800000, 0x000000061ac00000, 0x000000061ac00000|100%| O|  |TAMS 0x000000061ac00000| PB 0x000000061ac00000| Untracked 
| 107|0x000000061ac00000, 0x000000061b000000, 0x000000061b000000|100%| O|  |TAMS 0x000000061b000000| PB 0x000000061b000000| Untracked 
| 108|0x000000061b000000, 0x000000061b400000, 0x000000061b400000|100%| O|  |TAMS 0x000000061b400000| PB 0x000000061b400000| Untracked 
| 109|0x000000061b400000, 0x000000061b800000, 0x000000061b800000|100%| O|  |TAMS 0x000000061b800000| PB 0x000000061b800000| Untracked 
| 110|0x000000061b800000, 0x000000061bc00000, 0x000000061bc00000|100%| O|  |TAMS 0x000000061bc00000| PB 0x000000061bc00000| Untracked 
| 111|0x000000061bc00000, 0x000000061c000000, 0x000000061c000000|100%| O|  |TAMS 0x000000061c000000| PB 0x000000061c000000| Untracked 
| 112|0x000000061c000000, 0x000000061c400000, 0x000000061c400000|100%| O|  |TAMS 0x000000061c400000| PB 0x000000061c400000| Untracked 
| 113|0x000000061c400000, 0x000000061c800000, 0x000000061c800000|100%| O|  |TAMS 0x000000061c800000| PB 0x000000061c800000| Updating 
| 114|0x000000061c800000, 0x000000061cc00000, 0x000000061cc00000|100%| O|  |TAMS 0x000000061cc00000| PB 0x000000061cc00000| Untracked 
| 115|0x000000061cc00000, 0x000000061d000000, 0x000000061d000000|100%| O|  |TAMS 0x000000061d000000| PB 0x000000061d000000| Updating 
| 116|0x000000061d000000, 0x000000061d400000, 0x000000061d400000|100%| O|  |TAMS 0x000000061d400000| PB 0x000000061d400000| Untracked 
| 117|0x000000061d400000, 0x000000061d800000, 0x000000061d800000|100%| O|  |TAMS 0x000000061d800000| PB 0x000000061d800000| Updating 
| 118|0x000000061d800000, 0x000000061dc00000, 0x000000061dc00000|100%| O|  |TAMS 0x000000061dc00000| PB 0x000000061dc00000| Untracked 
| 119|0x000000061dc00000, 0x000000061e000000, 0x000000061e000000|100%| O|  |TAMS 0x000000061e000000| PB 0x000000061e000000| Untracked 
| 120|0x000000061e000000, 0x000000061e400000, 0x000000061e400000|100%| O|  |TAMS 0x000000061e400000| PB 0x000000061e400000| Untracked 
| 121|0x000000061e400000, 0x000000061e800000, 0x000000061e800000|100%| O|  |TAMS 0x000000061e800000| PB 0x000000061e800000| Untracked 
| 122|0x000000061e800000, 0x000000061ec00000, 0x000000061ec00000|100%| O|  |TAMS 0x000000061ec00000| PB 0x000000061ec00000| Untracked 
| 123|0x000000061ec00000, 0x000000061f000000, 0x000000061f000000|100%| O|  |TAMS 0x000000061f000000| PB 0x000000061f000000| Untracked 
| 124|0x000000061f000000, 0x000000061f400000, 0x000000061f400000|100%| O|  |TAMS 0x000000061f400000| PB 0x000000061f400000| Untracked 
| 125|0x000000061f400000, 0x000000061f800000, 0x000000061f800000|100%| O|  |TAMS 0x000000061f800000| PB 0x000000061f800000| Untracked 
| 126|0x000000061f800000, 0x000000061fc00000, 0x000000061fc00000|100%| O|  |TAMS 0x000000061fc00000| PB 0x000000061fc00000| Untracked 
| 127|0x000000061fc00000, 0x0000000620000000, 0x0000000620000000|100%| O|  |TAMS 0x0000000620000000| PB 0x0000000620000000| Untracked 
| 128|0x0000000620000000, 0x0000000620400000, 0x0000000620400000|100%| O|  |TAMS 0x0000000620400000| PB 0x0000000620400000| Untracked 
| 129|0x0000000620400000, 0x0000000620800000, 0x0000000620800000|100%| O|  |TAMS 0x0000000620800000| PB 0x0000000620800000| Updating 
| 130|0x0000000620800000, 0x0000000620c00000, 0x0000000620c00000|100%| O|  |TAMS 0x0000000620c00000| PB 0x0000000620c00000| Updating 
| 131|0x0000000620c00000, 0x0000000621000000, 0x0000000621000000|100%| O|  |TAMS 0x0000000621000000| PB 0x0000000621000000| Untracked 
| 132|0x0000000621000000, 0x0000000621400000, 0x0000000621400000|100%| O|  |TAMS 0x0000000621400000| PB 0x0000000621400000| Updating 
| 133|0x0000000621400000, 0x0000000621800000, 0x0000000621800000|100%| O|  |TAMS 0x0000000621800000| PB 0x0000000621800000| Untracked 
| 134|0x0000000621800000, 0x0000000621c00000, 0x0000000621c00000|100%| O|  |TAMS 0x0000000621c00000| PB 0x0000000621c00000| Untracked 
| 135|0x0000000621c00000, 0x0000000622000000, 0x0000000622000000|100%| O|  |TAMS 0x0000000622000000| PB 0x0000000622000000| Untracked 
| 136|0x0000000622000000, 0x0000000622400000, 0x0000000622400000|100%| O|  |TAMS 0x0000000622400000| PB 0x0000000622400000| Untracked 
| 137|0x0000000622400000, 0x0000000622800000, 0x0000000622800000|100%| O|  |TAMS 0x0000000622800000| PB 0x0000000622800000| Untracked 
| 138|0x0000000622800000, 0x0000000622c00000, 0x0000000622c00000|100%| O|  |TAMS 0x0000000622c00000| PB 0x0000000622c00000| Untracked 
| 139|0x0000000622c00000, 0x0000000623000000, 0x0000000623000000|100%| O|  |TAMS 0x0000000623000000| PB 0x0000000623000000| Updating 
| 140|0x0000000623000000, 0x0000000623400000, 0x0000000623400000|100%| O|  |TAMS 0x0000000623400000| PB 0x0000000623400000| Updating 
| 141|0x0000000623400000, 0x0000000623800000, 0x0000000623800000|100%| O|  |TAMS 0x0000000623800000| PB 0x0000000623800000| Untracked 
| 142|0x0000000623800000, 0x0000000623c00000, 0x0000000623c00000|100%| O|  |TAMS 0x0000000623c00000| PB 0x0000000623c00000| Untracked 
| 143|0x0000000623c00000, 0x0000000624000000, 0x0000000624000000|100%| O|  |TAMS 0x0000000624000000| PB 0x0000000624000000| Untracked 
| 144|0x0000000624000000, 0x0000000624400000, 0x0000000624400000|100%| O|  |TAMS 0x0000000624400000| PB 0x0000000624400000| Untracked 
| 145|0x0000000624400000, 0x0000000624800000, 0x0000000624800000|100%| O|  |TAMS 0x0000000624800000| PB 0x0000000624800000| Untracked 
| 146|0x0000000624800000, 0x0000000624c00000, 0x0000000624c00000|100%| O|  |TAMS 0x0000000624c00000| PB 0x0000000624c00000| Untracked 
| 147|0x0000000624c00000, 0x0000000625000000, 0x0000000625000000|100%| O|  |TAMS 0x0000000625000000| PB 0x0000000625000000| Untracked 
| 148|0x0000000625000000, 0x0000000625400000, 0x0000000625400000|100%| O|  |TAMS 0x0000000625400000| PB 0x0000000625400000| Untracked 
| 149|0x0000000625400000, 0x0000000625800000, 0x0000000625800000|100%| O|  |TAMS 0x0000000625800000| PB 0x0000000625800000| Untracked 
| 150|0x0000000625800000, 0x0000000625c00000, 0x0000000625c00000|100%| O|  |TAMS 0x0000000625c00000| PB 0x0000000625c00000| Untracked 
| 151|0x0000000625c00000, 0x0000000626000000, 0x0000000626000000|100%| O|  |TAMS 0x0000000626000000| PB 0x0000000626000000| Untracked 
| 152|0x0000000626000000, 0x0000000626400000, 0x0000000626400000|100%| O|  |TAMS 0x0000000626400000| PB 0x0000000626400000| Untracked 
| 153|0x0000000626400000, 0x0000000626800000, 0x0000000626800000|100%| O|  |TAMS 0x0000000626800000| PB 0x0000000626800000| Untracked 
| 154|0x0000000626800000, 0x0000000626c00000, 0x0000000626c00000|100%| O|  |TAMS 0x0000000626c00000| PB 0x0000000626c00000| Untracked 
| 155|0x0000000626c00000, 0x0000000627000000, 0x0000000627000000|100%| O|  |TAMS 0x0000000627000000| PB 0x0000000627000000| Untracked 
| 156|0x0000000627000000, 0x0000000627400000, 0x0000000627400000|100%| O|  |TAMS 0x0000000627400000| PB 0x0000000627400000| Untracked 
| 157|0x0000000627400000, 0x0000000627800000, 0x0000000627800000|100%| O|  |TAMS 0x0000000627800000| PB 0x0000000627800000| Untracked 
| 158|0x0000000627800000, 0x0000000627c00000, 0x0000000627c00000|100%| O|  |TAMS 0x0000000627c00000| PB 0x0000000627c00000| Updating 
| 159|0x0000000627c00000, 0x0000000628000000, 0x0000000628000000|100%| O|  |TAMS 0x0000000628000000| PB 0x0000000628000000| Updating 
| 160|0x0000000628000000, 0x0000000628400000, 0x0000000628400000|100%| O|  |TAMS 0x0000000628400000| PB 0x0000000628400000| Untracked 
| 161|0x0000000628400000, 0x0000000628800000, 0x0000000628800000|100%| O|  |TAMS 0x0000000628800000| PB 0x0000000628800000| Updating 
| 162|0x0000000628800000, 0x0000000628c00000, 0x0000000628c00000|100%| O|  |TAMS 0x0000000628c00000| PB 0x0000000628c00000| Untracked 
| 163|0x0000000628c00000, 0x0000000629000000, 0x0000000629000000|100%| O|  |TAMS 0x0000000629000000| PB 0x0000000629000000| Untracked 
| 164|0x0000000629000000, 0x0000000629400000, 0x0000000629400000|100%| O|  |TAMS 0x0000000629400000| PB 0x0000000629400000| Untracked 
| 165|0x0000000629400000, 0x0000000629800000, 0x0000000629800000|100%| O|  |TAMS 0x0000000629800000| PB 0x0000000629800000| Untracked 
| 166|0x0000000629800000, 0x0000000629c00000, 0x0000000629c00000|100%| O|  |TAMS 0x0000000629c00000| PB 0x0000000629c00000| Untracked 
| 167|0x0000000629c00000, 0x000000062a000000, 0x000000062a000000|100%| O|  |TAMS 0x000000062a000000| PB 0x000000062a000000| Untracked 
| 168|0x000000062a000000, 0x000000062a400000, 0x000000062a400000|100%| O|  |TAMS 0x000000062a400000| PB 0x000000062a400000| Untracked 
| 169|0x000000062a400000, 0x000000062a800000, 0x000000062a800000|100%| O|  |TAMS 0x000000062a800000| PB 0x000000062a800000| Untracked 
| 170|0x000000062a800000, 0x000000062ac00000, 0x000000062ac00000|100%| O|  |TAMS 0x000000062ac00000| PB 0x000000062ac00000| Untracked 
| 171|0x000000062ac00000, 0x000000062b000000, 0x000000062b000000|100%| O|  |TAMS 0x000000062b000000| PB 0x000000062b000000| Untracked 
| 172|0x000000062b000000, 0x000000062b400000, 0x000000062b400000|100%| O|  |TAMS 0x000000062b400000| PB 0x000000062b400000| Untracked 
| 173|0x000000062b400000, 0x000000062b800000, 0x000000062b800000|100%| O|  |TAMS 0x000000062b800000| PB 0x000000062b800000| Untracked 
| 174|0x000000062b800000, 0x000000062bc00000, 0x000000062bc00000|100%| O|  |TAMS 0x000000062bc00000| PB 0x000000062bc00000| Untracked 
| 175|0x000000062bc00000, 0x000000062c000000, 0x000000062c000000|100%| O|  |TAMS 0x000000062c000000| PB 0x000000062c000000| Untracked 
| 176|0x000000062c000000, 0x000000062c400000, 0x000000062c400000|100%| O|  |TAMS 0x000000062c400000| PB 0x000000062c400000| Untracked 
| 177|0x000000062c400000, 0x000000062c800000, 0x000000062c800000|100%| O|  |TAMS 0x000000062c800000| PB 0x000000062c800000| Untracked 
| 178|0x000000062c800000, 0x000000062cc00000, 0x000000062cc00000|100%| O|  |TAMS 0x000000062cc00000| PB 0x000000062cc00000| Untracked 
| 179|0x000000062cc00000, 0x000000062d000000, 0x000000062d000000|100%| O|  |TAMS 0x000000062d000000| PB 0x000000062d000000| Untracked 
| 180|0x000000062d000000, 0x000000062d400000, 0x000000062d400000|100%| O|  |TAMS 0x000000062d400000| PB 0x000000062d400000| Untracked 
| 181|0x000000062d400000, 0x000000062d800000, 0x000000062d800000|100%| O|  |TAMS 0x000000062d800000| PB 0x000000062d800000| Untracked 
| 182|0x000000062d800000, 0x000000062dc00000, 0x000000062dc00000|100%| O|  |TAMS 0x000000062dc00000| PB 0x000000062dc00000| Untracked 
| 183|0x000000062dc00000, 0x000000062e000000, 0x000000062e000000|100%| O|  |TAMS 0x000000062e000000| PB 0x000000062e000000| Untracked 
| 184|0x000000062e000000, 0x000000062e400000, 0x000000062e400000|100%| O|  |TAMS 0x000000062e400000| PB 0x000000062e400000| Untracked 
| 185|0x000000062e400000, 0x000000062e800000, 0x000000062e800000|100%| O|  |TAMS 0x000000062e800000| PB 0x000000062e800000| Updating 
| 186|0x000000062e800000, 0x000000062ec00000, 0x000000062ec00000|100%| O|  |TAMS 0x000000062ec00000| PB 0x000000062ec00000| Untracked 
| 187|0x000000062ec00000, 0x000000062f000000, 0x000000062f000000|100%| O|  |TAMS 0x000000062f000000| PB 0x000000062f000000| Untracked 
| 188|0x000000062f000000, 0x000000062f400000, 0x000000062f400000|100%| O|  |TAMS 0x000000062f400000| PB 0x000000062f400000| Updating 
| 189|0x000000062f400000, 0x000000062f800000, 0x000000062f800000|100%| O|  |TAMS 0x000000062f800000| PB 0x000000062f800000| Untracked 
| 190|0x000000062f800000, 0x000000062fc00000, 0x000000062fc00000|100%| O|  |TAMS 0x000000062fc00000| PB 0x000000062fc00000| Untracked 
| 191|0x000000062fc00000, 0x0000000630000000, 0x0000000630000000|100%| O|  |TAMS 0x0000000630000000| PB 0x0000000630000000| Updating 
| 192|0x0000000630000000, 0x0000000630400000, 0x0000000630400000|100%| O|  |TAMS 0x0000000630400000| PB 0x0000000630400000| Untracked 
| 193|0x0000000630400000, 0x0000000630800000, 0x0000000630800000|100%| O|  |TAMS 0x0000000630800000| PB 0x0000000630800000| Updating 
| 194|0x0000000630800000, 0x0000000630c00000, 0x0000000630c00000|100%| O|  |TAMS 0x0000000630c00000| PB 0x0000000630c00000| Untracked 
| 195|0x0000000630c00000, 0x0000000631000000, 0x0000000631000000|100%| O|  |TAMS 0x0000000631000000| PB 0x0000000631000000| Untracked 
| 196|0x0000000631000000, 0x0000000631400000, 0x0000000631400000|100%| O|  |TAMS 0x0000000631400000| PB 0x0000000631400000| Untracked 
| 197|0x0000000631400000, 0x0000000631800000, 0x0000000631800000|100%| O|  |TAMS 0x0000000631800000| PB 0x0000000631800000| Untracked 
| 198|0x0000000631800000, 0x0000000631c00000, 0x0000000631c00000|100%| O|  |TAMS 0x0000000631c00000| PB 0x0000000631c00000| Untracked 
| 199|0x0000000631c00000, 0x0000000632000000, 0x0000000632000000|100%| O|  |TAMS 0x0000000632000000| PB 0x0000000632000000| Untracked 
| 200|0x0000000632000000, 0x0000000632400000, 0x0000000632400000|100%| O|  |TAMS 0x0000000632400000| PB 0x0000000632400000| Untracked 
| 201|0x0000000632400000, 0x0000000632800000, 0x0000000632800000|100%| O|  |TAMS 0x0000000632800000| PB 0x0000000632800000| Untracked 
| 202|0x0000000632800000, 0x0000000632c00000, 0x0000000632c00000|100%| O|  |TAMS 0x0000000632c00000| PB 0x0000000632c00000| Untracked 
| 203|0x0000000632c00000, 0x0000000633000000, 0x0000000633000000|100%| O|  |TAMS 0x0000000633000000| PB 0x0000000633000000| Updating 
| 204|0x0000000633000000, 0x0000000633400000, 0x0000000633400000|100%| O|  |TAMS 0x0000000633400000| PB 0x0000000633400000| Updating 
| 205|0x0000000633400000, 0x0000000633800000, 0x0000000633800000|100%| O|  |TAMS 0x0000000633800000| PB 0x0000000633800000| Updating 
| 206|0x0000000633800000, 0x0000000633c00000, 0x0000000633c00000|100%| O|  |TAMS 0x0000000633c00000| PB 0x0000000633c00000| Untracked 
| 207|0x0000000633c00000, 0x0000000634000000, 0x0000000634000000|100%| O|  |TAMS 0x0000000634000000| PB 0x0000000634000000| Untracked 
| 208|0x0000000634000000, 0x0000000634400000, 0x0000000634400000|100%| O|  |TAMS 0x0000000634400000| PB 0x0000000634400000| Untracked 
| 209|0x0000000634400000, 0x0000000634800000, 0x0000000634800000|100%| O|  |TAMS 0x0000000634800000| PB 0x0000000634800000| Untracked 
| 210|0x0000000634800000, 0x0000000634c00000, 0x0000000634c00000|100%| O|  |TAMS 0x0000000634c00000| PB 0x0000000634c00000| Untracked 
| 211|0x0000000634c00000, 0x0000000635000000, 0x0000000635000000|100%| O|  |TAMS 0x0000000635000000| PB 0x0000000635000000| Untracked 
| 212|0x0000000635000000, 0x0000000635400000, 0x0000000635400000|100%| O|  |TAMS 0x0000000635400000| PB 0x0000000635400000| Untracked 
| 213|0x0000000635400000, 0x0000000635800000, 0x0000000635800000|100%| O|  |TAMS 0x0000000635800000| PB 0x0000000635800000| Untracked 
| 214|0x0000000635800000, 0x0000000635c00000, 0x0000000635c00000|100%| O|  |TAMS 0x0000000635c00000| PB 0x0000000635c00000| Untracked 
| 215|0x0000000635c00000, 0x0000000636000000, 0x0000000636000000|100%| O|  |TAMS 0x0000000636000000| PB 0x0000000636000000| Untracked 
| 216|0x0000000636000000, 0x0000000636400000, 0x0000000636400000|100%| O|  |TAMS 0x0000000636400000| PB 0x0000000636400000| Untracked 
| 217|0x0000000636400000, 0x0000000636800000, 0x0000000636800000|100%| O|  |TAMS 0x0000000636800000| PB 0x0000000636800000| Updating 
| 218|0x0000000636800000, 0x0000000636c00000, 0x0000000636c00000|100%| O|  |TAMS 0x0000000636c00000| PB 0x0000000636c00000| Updating 
| 219|0x0000000636c00000, 0x0000000637000000, 0x0000000637000000|100%| O|  |TAMS 0x0000000637000000| PB 0x0000000637000000| Untracked 
| 220|0x0000000637000000, 0x0000000637400000, 0x0000000637400000|100%| O|  |TAMS 0x0000000637400000| PB 0x0000000637400000| Untracked 
| 221|0x0000000637400000, 0x0000000637800000, 0x0000000637800000|100%| O|  |TAMS 0x0000000637800000| PB 0x0000000637800000| Untracked 
| 222|0x0000000637800000, 0x0000000637c00000, 0x0000000637c00000|100%| O|  |TAMS 0x0000000637c00000| PB 0x0000000637c00000| Untracked 
| 223|0x0000000637c00000, 0x0000000638000000, 0x0000000638000000|100%| O|  |TAMS 0x0000000638000000| PB 0x0000000638000000| Untracked 
| 224|0x0000000638000000, 0x0000000638400000, 0x0000000638400000|100%| O|  |TAMS 0x0000000638400000| PB 0x0000000638400000| Untracked 
| 225|0x0000000638400000, 0x0000000638800000, 0x0000000638800000|100%| O|  |TAMS 0x0000000638800000| PB 0x0000000638800000| Untracked 
| 226|0x0000000638800000, 0x0000000638c00000, 0x0000000638c00000|100%| O|  |TAMS 0x0000000638c00000| PB 0x0000000638c00000| Untracked 
| 227|0x0000000638c00000, 0x0000000639000000, 0x0000000639000000|100%| O|  |TAMS 0x0000000639000000| PB 0x0000000639000000| Untracked 
| 228|0x0000000639000000, 0x0000000639400000, 0x0000000639400000|100%| O|  |TAMS 0x0000000639400000| PB 0x0000000639400000| Untracked 
| 229|0x0000000639400000, 0x0000000639800000, 0x0000000639800000|100%| O|  |TAMS 0x0000000639800000| PB 0x0000000639800000| Untracked 
| 230|0x0000000639800000, 0x0000000639c00000, 0x0000000639c00000|100%| O|  |TAMS 0x0000000639c00000| PB 0x0000000639c00000| Untracked 
| 231|0x0000000639c00000, 0x000000063a000000, 0x000000063a000000|100%| O|  |TAMS 0x000000063a000000| PB 0x000000063a000000| Untracked 
| 232|0x000000063a000000, 0x000000063a400000, 0x000000063a400000|100%| O|  |TAMS 0x000000063a400000| PB 0x000000063a400000| Untracked 
| 233|0x000000063a400000, 0x000000063a800000, 0x000000063a800000|100%| O|  |TAMS 0x000000063a800000| PB 0x000000063a800000| Untracked 
| 234|0x000000063a800000, 0x000000063ac00000, 0x000000063ac00000|100%| O|  |TAMS 0x000000063ac00000| PB 0x000000063ac00000| Untracked 
| 235|0x000000063ac00000, 0x000000063b000000, 0x000000063b000000|100%| O|  |TAMS 0x000000063b000000| PB 0x000000063b000000| Updating 
| 236|0x000000063b000000, 0x000000063b400000, 0x000000063b400000|100%| O|  |TAMS 0x000000063b400000| PB 0x000000063b400000| Untracked 
| 237|0x000000063b400000, 0x000000063b800000, 0x000000063b800000|100%| O|  |TAMS 0x000000063b800000| PB 0x000000063b800000| Updating 
| 238|0x000000063b800000, 0x000000063bc00000, 0x000000063bc00000|100%| O|  |TAMS 0x000000063bc00000| PB 0x000000063bc00000| Untracked 
| 239|0x000000063bc00000, 0x000000063c000000, 0x000000063c000000|100%| O|  |TAMS 0x000000063c000000| PB 0x000000063c000000| Untracked 
| 240|0x000000063c000000, 0x000000063c400000, 0x000000063c400000|100%| O|  |TAMS 0x000000063c400000| PB 0x000000063c400000| Untracked 
| 241|0x000000063c400000, 0x000000063c800000, 0x000000063c800000|100%| O|  |TAMS 0x000000063c800000| PB 0x000000063c800000| Untracked 
| 242|0x000000063c800000, 0x000000063cc00000, 0x000000063cc00000|100%| O|  |TAMS 0x000000063cc00000| PB 0x000000063cc00000| Untracked 
| 243|0x000000063cc00000, 0x000000063d000000, 0x000000063d000000|100%| O|  |TAMS 0x000000063d000000| PB 0x000000063d000000| Untracked 
| 244|0x000000063d000000, 0x000000063d400000, 0x000000063d400000|100%| O|  |TAMS 0x000000063d400000| PB 0x000000063d400000| Untracked 
| 245|0x000000063d400000, 0x000000063d800000, 0x000000063d800000|100%| O|  |TAMS 0x000000063d800000| PB 0x000000063d800000| Untracked 
| 246|0x000000063d800000, 0x000000063dc00000, 0x000000063dc00000|100%| O|  |TAMS 0x000000063dc00000| PB 0x000000063dc00000| Untracked 
| 247|0x000000063dc00000, 0x000000063e000000, 0x000000063e000000|100%| O|  |TAMS 0x000000063e000000| PB 0x000000063e000000| Untracked 
| 248|0x000000063e000000, 0x000000063e400000, 0x000000063e400000|100%| O|  |TAMS 0x000000063e400000| PB 0x000000063e400000| Untracked 
| 249|0x000000063e400000, 0x000000063e800000, 0x000000063e800000|100%| O|  |TAMS 0x000000063e800000| PB 0x000000063e800000| Untracked 
| 250|0x000000063e800000, 0x000000063ec00000, 0x000000063ec00000|100%| O|  |TAMS 0x000000063ec00000| PB 0x000000063ec00000| Untracked 
| 251|0x000000063ec00000, 0x000000063f000000, 0x000000063f000000|100%| O|  |TAMS 0x000000063f000000| PB 0x000000063f000000| Untracked 
| 252|0x000000063f000000, 0x000000063f400000, 0x000000063f400000|100%| O|  |TAMS 0x000000063f400000| PB 0x000000063f400000| Untracked 
| 253|0x000000063f400000, 0x000000063f800000, 0x000000063f800000|100%| O|  |TAMS 0x000000063f800000| PB 0x000000063f800000| Untracked 
| 254|0x000000063f800000, 0x000000063fc00000, 0x000000063fc00000|100%| O|  |TAMS 0x000000063fc00000| PB 0x000000063fc00000| Untracked 
| 255|0x000000063fc00000, 0x0000000640000000, 0x0000000640000000|100%| O|  |TAMS 0x0000000640000000| PB 0x0000000640000000| Untracked 
| 256|0x0000000640000000, 0x0000000640400000, 0x0000000640400000|100%| O|  |TAMS 0x0000000640400000| PB 0x0000000640400000| Untracked 
| 257|0x0000000640400000, 0x0000000640800000, 0x0000000640800000|100%| O|  |TAMS 0x0000000640800000| PB 0x0000000640800000| Untracked 
| 258|0x0000000640800000, 0x0000000640c00000, 0x0000000640c00000|100%| O|  |TAMS 0x0000000640c00000| PB 0x0000000640c00000| Untracked 
| 259|0x0000000640c00000, 0x0000000641000000, 0x0000000641000000|100%| O|  |TAMS 0x0000000641000000| PB 0x0000000641000000| Untracked 
| 260|0x0000000641000000, 0x0000000641400000, 0x0000000641400000|100%| O|  |TAMS 0x0000000641400000| PB 0x0000000641400000| Untracked 
| 261|0x0000000641400000, 0x0000000641800000, 0x0000000641800000|100%| O|  |TAMS 0x0000000641800000| PB 0x0000000641800000| Untracked 
| 262|0x0000000641800000, 0x0000000641c00000, 0x0000000641c00000|100%| O|  |TAMS 0x0000000641c00000| PB 0x0000000641c00000| Untracked 
| 263|0x0000000641c00000, 0x0000000642000000, 0x0000000642000000|100%| O|  |TAMS 0x0000000642000000| PB 0x0000000642000000| Untracked 
| 264|0x0000000642000000, 0x0000000642400000, 0x0000000642400000|100%| O|  |TAMS 0x0000000642400000| PB 0x0000000642400000| Untracked 
| 265|0x0000000642400000, 0x0000000642800000, 0x0000000642800000|100%| O|  |TAMS 0x0000000642800000| PB 0x0000000642800000| Untracked 
| 266|0x0000000642800000, 0x0000000642c00000, 0x0000000642c00000|100%| O|  |TAMS 0x0000000642c00000| PB 0x0000000642c00000| Untracked 
| 267|0x0000000642c00000, 0x0000000643000000, 0x0000000643000000|100%| O|  |TAMS 0x0000000643000000| PB 0x0000000643000000| Untracked 
| 268|0x0000000643000000, 0x0000000643400000, 0x0000000643400000|100%| O|  |TAMS 0x0000000643400000| PB 0x0000000643400000| Untracked 
| 269|0x0000000643400000, 0x0000000643800000, 0x0000000643800000|100%| O|  |TAMS 0x0000000643800000| PB 0x0000000643800000| Untracked 
| 270|0x0000000643800000, 0x0000000643c00000, 0x0000000643c00000|100%| O|  |TAMS 0x0000000643c00000| PB 0x0000000643c00000| Untracked 
| 271|0x0000000643c00000, 0x0000000644000000, 0x0000000644000000|100%| O|  |TAMS 0x0000000644000000| PB 0x0000000644000000| Untracked 
| 272|0x0000000644000000, 0x0000000644400000, 0x0000000644400000|100%| O|  |TAMS 0x0000000644400000| PB 0x0000000644400000| Untracked 
| 273|0x0000000644400000, 0x0000000644800000, 0x0000000644800000|100%| O|  |TAMS 0x0000000644800000| PB 0x0000000644800000| Updating 
| 274|0x0000000644800000, 0x0000000644c00000, 0x0000000644c00000|100%| O|  |TAMS 0x0000000644c00000| PB 0x0000000644c00000| Untracked 
| 275|0x0000000644c00000, 0x0000000645000000, 0x0000000645000000|100%| O|  |TAMS 0x0000000645000000| PB 0x0000000645000000| Untracked 
| 276|0x0000000645000000, 0x0000000645400000, 0x0000000645400000|100%| O|  |TAMS 0x0000000645400000| PB 0x0000000645400000| Updating 
| 277|0x0000000645400000, 0x0000000645800000, 0x0000000645800000|100%| O|  |TAMS 0x0000000645800000| PB 0x0000000645800000| Untracked 
| 278|0x0000000645800000, 0x0000000645c00000, 0x0000000645c00000|100%| O|  |TAMS 0x0000000645c00000| PB 0x0000000645c00000| Untracked 
| 279|0x0000000645c00000, 0x0000000646000000, 0x0000000646000000|100%| O|  |TAMS 0x0000000646000000| PB 0x0000000646000000| Untracked 
| 280|0x0000000646000000, 0x0000000646400000, 0x0000000646400000|100%| O|  |TAMS 0x0000000646400000| PB 0x0000000646400000| Untracked 
| 281|0x0000000646400000, 0x0000000646800000, 0x0000000646800000|100%| O|  |TAMS 0x0000000646800000| PB 0x0000000646800000| Untracked 
| 282|0x0000000646800000, 0x0000000646c00000, 0x0000000646c00000|100%| O|  |TAMS 0x0000000646c00000| PB 0x0000000646c00000| Untracked 
| 283|0x0000000646c00000, 0x0000000647000000, 0x0000000647000000|100%| O|  |TAMS 0x0000000647000000| PB 0x0000000647000000| Untracked 
| 284|0x0000000647000000, 0x0000000647400000, 0x0000000647400000|100%| O|  |TAMS 0x0000000647400000| PB 0x0000000647400000| Untracked 
| 285|0x0000000647400000, 0x0000000647800000, 0x0000000647800000|100%| O|  |TAMS 0x0000000647800000| PB 0x0000000647800000| Untracked 
| 286|0x0000000647800000, 0x0000000647c00000, 0x0000000647c00000|100%| O|  |TAMS 0x0000000647c00000| PB 0x0000000647c00000| Untracked 
| 287|0x0000000647c00000, 0x0000000648000000, 0x0000000648000000|100%| O|  |TAMS 0x0000000648000000| PB 0x0000000648000000| Untracked 
| 288|0x0000000648000000, 0x0000000648400000, 0x0000000648400000|100%| O|  |TAMS 0x0000000648400000| PB 0x0000000648400000| Untracked 
| 289|0x0000000648400000, 0x0000000648800000, 0x0000000648800000|100%| O|  |TAMS 0x0000000648800000| PB 0x0000000648800000| Untracked 
| 290|0x0000000648800000, 0x0000000648c00000, 0x0000000648c00000|100%| O|  |TAMS 0x0000000648c00000| PB 0x0000000648c00000| Untracked 
| 291|0x0000000648c00000, 0x0000000649000000, 0x0000000649000000|100%| O|  |TAMS 0x0000000649000000| PB 0x0000000649000000| Untracked 
| 292|0x0000000649000000, 0x0000000649400000, 0x0000000649400000|100%| O|  |TAMS 0x0000000649400000| PB 0x0000000649400000| Untracked 
| 293|0x0000000649400000, 0x0000000649800000, 0x0000000649800000|100%| O|  |TAMS 0x0000000649800000| PB 0x0000000649800000| Untracked 
| 294|0x0000000649800000, 0x0000000649c00000, 0x0000000649c00000|100%| O|  |TAMS 0x0000000649c00000| PB 0x0000000649c00000| Untracked 
| 295|0x0000000649c00000, 0x000000064a000000, 0x000000064a000000|100%| O|  |TAMS 0x000000064a000000| PB 0x000000064a000000| Untracked 
| 296|0x000000064a000000, 0x000000064a400000, 0x000000064a400000|100%| O|  |TAMS 0x000000064a400000| PB 0x000000064a400000| Untracked 
| 297|0x000000064a400000, 0x000000064a800000, 0x000000064a800000|100%| O|  |TAMS 0x000000064a800000| PB 0x000000064a800000| Untracked 
| 298|0x000000064a800000, 0x000000064ac00000, 0x000000064ac00000|100%| O|  |TAMS 0x000000064ac00000| PB 0x000000064ac00000| Updating 
| 299|0x000000064ac00000, 0x000000064b000000, 0x000000064b000000|100%| O|  |TAMS 0x000000064b000000| PB 0x000000064b000000| Updating 
| 300|0x000000064b000000, 0x000000064b400000, 0x000000064b400000|100%| O|  |TAMS 0x000000064b400000| PB 0x000000064b400000| Untracked 
| 301|0x000000064b400000, 0x000000064b800000, 0x000000064b800000|100%| O|  |TAMS 0x000000064b800000| PB 0x000000064b800000| Updating 
| 302|0x000000064b800000, 0x000000064bc00000, 0x000000064bc00000|100%| O|  |TAMS 0x000000064bc00000| PB 0x000000064bc00000| Untracked 
| 303|0x000000064bc00000, 0x000000064c000000, 0x000000064c000000|100%| O|  |TAMS 0x000000064c000000| PB 0x000000064c000000| Untracked 
| 304|0x000000064c000000, 0x000000064c400000, 0x000000064c400000|100%| O|  |TAMS 0x000000064c400000| PB 0x000000064c400000| Untracked 
| 305|0x000000064c400000, 0x000000064c800000, 0x000000064c800000|100%| O|  |TAMS 0x000000064c800000| PB 0x000000064c800000| Untracked 
| 306|0x000000064c800000, 0x000000064cc00000, 0x000000064cc00000|100%| O|  |TAMS 0x000000064cc00000| PB 0x000000064cc00000| Untracked 
| 307|0x000000064cc00000, 0x000000064d000000, 0x000000064d000000|100%| O|  |TAMS 0x000000064d000000| PB 0x000000064d000000| Untracked 
| 308|0x000000064d000000, 0x000000064d400000, 0x000000064d400000|100%| O|  |TAMS 0x000000064d400000| PB 0x000000064d400000| Untracked 
| 309|0x000000064d400000, 0x000000064d800000, 0x000000064d800000|100%| O|  |TAMS 0x000000064d800000| PB 0x000000064d800000| Untracked 
| 310|0x000000064d800000, 0x000000064dc00000, 0x000000064dc00000|100%| O|  |TAMS 0x000000064dc00000| PB 0x000000064dc00000| Untracked 
| 311|0x000000064dc00000, 0x000000064e000000, 0x000000064e000000|100%| O|  |TAMS 0x000000064e000000| PB 0x000000064e000000| Untracked 
| 312|0x000000064e000000, 0x000000064e400000, 0x000000064e400000|100%| O|  |TAMS 0x000000064e400000| PB 0x000000064e400000| Untracked 
| 313|0x000000064e400000, 0x000000064e800000, 0x000000064e800000|100%| O|  |TAMS 0x000000064e800000| PB 0x000000064e800000| Untracked 
| 314|0x000000064e800000, 0x000000064ec00000, 0x000000064ec00000|100%| O|  |TAMS 0x000000064ec00000| PB 0x000000064ec00000| Untracked 
| 315|0x000000064ec00000, 0x000000064f000000, 0x000000064f000000|100%| O|  |TAMS 0x000000064f000000| PB 0x000000064f000000| Untracked 
| 316|0x000000064f000000, 0x000000064f400000, 0x000000064f400000|100%| O|  |TAMS 0x000000064f400000| PB 0x000000064f400000| Untracked 
| 317|0x000000064f400000, 0x000000064f800000, 0x000000064f800000|100%| O|  |TAMS 0x000000064f800000| PB 0x000000064f800000| Untracked 
| 318|0x000000064f800000, 0x000000064fc00000, 0x000000064fc00000|100%| O|  |TAMS 0x000000064fc00000| PB 0x000000064fc00000| Untracked 
| 319|0x000000064fc00000, 0x0000000650000000, 0x0000000650000000|100%| O|  |TAMS 0x0000000650000000| PB 0x0000000650000000| Untracked 
| 320|0x0000000650000000, 0x0000000650400000, 0x0000000650400000|100%| O|  |TAMS 0x0000000650400000| PB 0x0000000650400000| Updating 
| 321|0x0000000650400000, 0x0000000650800000, 0x0000000650800000|100%| O|  |TAMS 0x0000000650800000| PB 0x0000000650800000| Updating 
| 322|0x0000000650800000, 0x0000000650c00000, 0x0000000650c00000|100%| O|  |TAMS 0x0000000650c00000| PB 0x0000000650c00000| Untracked 
| 323|0x0000000650c00000, 0x0000000651000000, 0x0000000651000000|100%| O|  |TAMS 0x0000000650c00000| PB 0x0000000650c00000| Untracked 
| 324|0x0000000651000000, 0x0000000651400000, 0x0000000651400000|100%| O|  |TAMS 0x0000000651400000| PB 0x0000000651400000| Untracked 
| 325|0x0000000651400000, 0x0000000651800000, 0x0000000651800000|100%| O|  |TAMS 0x0000000651800000| PB 0x0000000651800000| Untracked 
| 326|0x0000000651800000, 0x0000000651c00000, 0x0000000651c00000|100%| O|  |TAMS 0x0000000651c00000| PB 0x0000000651c00000| Updating 
| 327|0x0000000651c00000, 0x0000000652000000, 0x0000000652000000|100%| O|  |TAMS 0x0000000652000000| PB 0x0000000652000000| Untracked 
| 328|0x0000000652000000, 0x0000000652400000, 0x0000000652400000|100%| O|  |TAMS 0x0000000652400000| PB 0x0000000652400000| Untracked 
| 329|0x0000000652400000, 0x0000000652800000, 0x0000000652800000|100%| O|  |TAMS 0x0000000652800000| PB 0x0000000652800000| Untracked 
| 330|0x0000000652800000, 0x0000000652c00000, 0x0000000652c00000|100%| O|  |TAMS 0x0000000652c00000| PB 0x0000000652c00000| Untracked 
| 331|0x0000000652c00000, 0x0000000653000000, 0x0000000653000000|100%| O|  |TAMS 0x0000000653000000| PB 0x0000000653000000| Untracked 
| 332|0x0000000653000000, 0x0000000653400000, 0x0000000653400000|100%| O|  |TAMS 0x0000000653400000| PB 0x0000000653400000| Untracked 
| 333|0x0000000653400000, 0x0000000653800000, 0x0000000653800000|100%| O|  |TAMS 0x0000000653800000| PB 0x0000000653800000| Untracked 
| 334|0x0000000653800000, 0x0000000653c00000, 0x0000000653c00000|100%| O|  |TAMS 0x0000000653c00000| PB 0x0000000653c00000| Untracked 
| 335|0x0000000653c00000, 0x0000000654000000, 0x0000000654000000|100%| O|  |TAMS 0x0000000654000000| PB 0x0000000654000000| Untracked 
| 336|0x0000000654000000, 0x0000000654400000, 0x0000000654400000|100%| O|  |TAMS 0x0000000654400000| PB 0x0000000654400000| Untracked 
| 337|0x0000000654400000, 0x0000000654800000, 0x0000000654800000|100%| O|  |TAMS 0x0000000654800000| PB 0x0000000654800000| Untracked 
| 338|0x0000000654800000, 0x0000000654c00000, 0x0000000654c00000|100%| O|  |TAMS 0x0000000654c00000| PB 0x0000000654c00000| Untracked 
| 339|0x0000000654c00000, 0x0000000655000000, 0x0000000655000000|100%| O|  |TAMS 0x0000000655000000| PB 0x0000000655000000| Untracked 
| 340|0x0000000655000000, 0x0000000655400000, 0x0000000655400000|100%| O|  |TAMS 0x0000000655400000| PB 0x0000000655400000| Untracked 
| 341|0x0000000655400000, 0x0000000655800000, 0x0000000655800000|100%| O|  |TAMS 0x0000000655800000| PB 0x0000000655800000| Untracked 
| 342|0x0000000655800000, 0x0000000655c00000, 0x0000000655c00000|100%| O|  |TAMS 0x0000000655c00000| PB 0x0000000655c00000| Untracked 
| 343|0x0000000655c00000, 0x0000000656000000, 0x0000000656000000|100%| O|  |TAMS 0x0000000656000000| PB 0x0000000656000000| Untracked 
| 344|0x0000000656000000, 0x0000000656400000, 0x0000000656400000|100%| O|  |TAMS 0x0000000656400000| PB 0x0000000656400000| Untracked 
| 345|0x0000000656400000, 0x0000000656800000, 0x0000000656800000|100%| O|  |TAMS 0x0000000656800000| PB 0x0000000656800000| Untracked 
| 346|0x0000000656800000, 0x0000000656c00000, 0x0000000656c00000|100%| O|  |TAMS 0x0000000656c00000| PB 0x0000000656c00000| Untracked 
| 347|0x0000000656c00000, 0x0000000657000000, 0x0000000657000000|100%| O|  |TAMS 0x0000000657000000| PB 0x0000000657000000| Updating 
| 348|0x0000000657000000, 0x0000000657400000, 0x0000000657400000|100%| O|  |TAMS 0x0000000657400000| PB 0x0000000657400000| Untracked 
| 349|0x0000000657400000, 0x0000000657800000, 0x0000000657800000|100%| O|  |TAMS 0x0000000657800000| PB 0x0000000657800000| Untracked 
| 350|0x0000000657800000, 0x0000000657c00000, 0x0000000657c00000|100%| O|  |TAMS 0x0000000657c00000| PB 0x0000000657c00000| Untracked 
| 351|0x0000000657c00000, 0x0000000658000000, 0x0000000658000000|100%| O|  |TAMS 0x0000000658000000| PB 0x0000000658000000| Untracked 
| 352|0x0000000658000000, 0x0000000658400000, 0x0000000658400000|100%| O|  |TAMS 0x0000000658400000| PB 0x0000000658400000| Untracked 
| 353|0x0000000658400000, 0x0000000658800000, 0x0000000658800000|100%| O|  |TAMS 0x0000000658800000| PB 0x0000000658800000| Untracked 
| 354|0x0000000658800000, 0x0000000658c00000, 0x0000000658c00000|100%| O|  |TAMS 0x0000000658c00000| PB 0x0000000658c00000| Untracked 
| 355|0x0000000658c00000, 0x0000000659000000, 0x0000000659000000|100%| O|  |TAMS 0x0000000659000000| PB 0x0000000659000000| Untracked 
| 356|0x0000000659000000, 0x0000000659400000, 0x0000000659400000|100%| O|  |TAMS 0x0000000659400000| PB 0x0000000659400000| Untracked 
| 357|0x0000000659400000, 0x0000000659800000, 0x0000000659800000|100%| O|  |TAMS 0x0000000659800000| PB 0x0000000659800000| Untracked 
| 358|0x0000000659800000, 0x0000000659c00000, 0x0000000659c00000|100%| O|  |TAMS 0x0000000659c00000| PB 0x0000000659c00000| Untracked 
| 359|0x0000000659c00000, 0x000000065a000000, 0x000000065a000000|100%| O|  |TAMS 0x000000065a000000| PB 0x000000065a000000| Untracked 
| 360|0x000000065a000000, 0x000000065a400000, 0x000000065a400000|100%| O|  |TAMS 0x000000065a400000| PB 0x000000065a400000| Untracked 
| 361|0x000000065a400000, 0x000000065a800000, 0x000000065a800000|100%| O|  |TAMS 0x000000065a800000| PB 0x000000065a800000| Untracked 
| 362|0x000000065a800000, 0x000000065ac00000, 0x000000065ac00000|100%| O|  |TAMS 0x000000065ac00000| PB 0x000000065ac00000| Untracked 
| 363|0x000000065ac00000, 0x000000065b000000, 0x000000065b000000|100%| O|  |TAMS 0x000000065b000000| PB 0x000000065b000000| Untracked 
| 364|0x000000065b000000, 0x000000065b400000, 0x000000065b400000|100%| O|  |TAMS 0x000000065b400000| PB 0x000000065b400000| Untracked 
| 365|0x000000065b400000, 0x000000065b800000, 0x000000065b800000|100%| O|  |TAMS 0x000000065b800000| PB 0x000000065b800000| Untracked 
| 366|0x000000065b800000, 0x000000065bc00000, 0x000000065bc00000|100%| O|  |TAMS 0x000000065bc00000| PB 0x000000065bc00000| Untracked 
| 367|0x000000065bc00000, 0x000000065c000000, 0x000000065c000000|100%| O|  |TAMS 0x000000065c000000| PB 0x000000065c000000| Untracked 
| 368|0x000000065c000000, 0x000000065c400000, 0x000000065c400000|100%| O|  |TAMS 0x000000065c400000| PB 0x000000065c400000| Untracked 
| 369|0x000000065c400000, 0x000000065c800000, 0x000000065c800000|100%| O|  |TAMS 0x000000065c800000| PB 0x000000065c800000| Untracked 
| 370|0x000000065c800000, 0x000000065cc00000, 0x000000065cc00000|100%| O|  |TAMS 0x000000065cc00000| PB 0x000000065cc00000| Untracked 
| 371|0x000000065cc00000, 0x000000065d000000, 0x000000065d000000|100%| O|  |TAMS 0x000000065d000000| PB 0x000000065d000000| Untracked 
| 372|0x000000065d000000, 0x000000065d400000, 0x000000065d400000|100%| O|  |TAMS 0x000000065d400000| PB 0x000000065d400000| Untracked 
| 373|0x000000065d400000, 0x000000065d800000, 0x000000065d800000|100%| O|  |TAMS 0x000000065d800000| PB 0x000000065d800000| Untracked 
| 374|0x000000065d800000, 0x000000065dc00000, 0x000000065dc00000|100%| O|  |TAMS 0x000000065dc00000| PB 0x000000065dc00000| Untracked 
| 375|0x000000065dc00000, 0x000000065e000000, 0x000000065e000000|100%| O|  |TAMS 0x000000065e000000| PB 0x000000065e000000| Untracked 
| 376|0x000000065e000000, 0x000000065e400000, 0x000000065e400000|100%| O|  |TAMS 0x000000065e400000| PB 0x000000065e400000| Untracked 
| 377|0x000000065e400000, 0x000000065e800000, 0x000000065e800000|100%| O|  |TAMS 0x000000065e800000| PB 0x000000065e800000| Untracked 
| 378|0x000000065e800000, 0x000000065ec00000, 0x000000065ec00000|100%| O|  |TAMS 0x000000065ec00000| PB 0x000000065ec00000| Untracked 
| 379|0x000000065ec00000, 0x000000065f000000, 0x000000065f000000|100%| O|  |TAMS 0x000000065f000000| PB 0x000000065f000000| Untracked 
| 380|0x000000065f000000, 0x000000065f400000, 0x000000065f400000|100%| O|  |TAMS 0x000000065f400000| PB 0x000000065f400000| Untracked 
| 381|0x000000065f400000, 0x000000065f800000, 0x000000065f800000|100%| O|  |TAMS 0x000000065f800000| PB 0x000000065f800000| Untracked 
| 382|0x000000065f800000, 0x000000065fc00000, 0x000000065fc00000|100%| O|  |TAMS 0x000000065fc00000| PB 0x000000065fc00000| Untracked 
| 383|0x000000065fc00000, 0x0000000660000000, 0x0000000660000000|100%| O|  |TAMS 0x0000000660000000| PB 0x0000000660000000| Untracked 
| 384|0x0000000660000000, 0x0000000660400000, 0x0000000660400000|100%| O|  |TAMS 0x0000000660400000| PB 0x0000000660400000| Untracked 
| 385|0x0000000660400000, 0x0000000660800000, 0x0000000660800000|100%| O|  |TAMS 0x0000000660800000| PB 0x0000000660800000| Untracked 
| 386|0x0000000660800000, 0x0000000660c00000, 0x0000000660c00000|100%| O|  |TAMS 0x0000000660c00000| PB 0x0000000660c00000| Untracked 
| 387|0x0000000660c00000, 0x0000000661000000, 0x0000000661000000|100%| O|  |TAMS 0x0000000661000000| PB 0x0000000661000000| Untracked 
| 388|0x0000000661000000, 0x0000000661400000, 0x0000000661400000|100%| O|  |TAMS 0x0000000661400000| PB 0x0000000661400000| Untracked 
| 389|0x0000000661400000, 0x0000000661800000, 0x0000000661800000|100%| O|  |TAMS 0x0000000661800000| PB 0x0000000661800000| Untracked 
| 390|0x0000000661800000, 0x0000000661c00000, 0x0000000661c00000|100%| O|  |TAMS 0x0000000661c00000| PB 0x0000000661c00000| Untracked 
| 391|0x0000000661c00000, 0x0000000662000000, 0x0000000662000000|100%| O|  |TAMS 0x0000000662000000| PB 0x0000000662000000| Untracked 
| 392|0x0000000662000000, 0x0000000662400000, 0x0000000662400000|100%| O|  |TAMS 0x0000000662400000| PB 0x0000000662400000| Untracked 
| 393|0x0000000662400000, 0x0000000662800000, 0x0000000662800000|100%| O|  |TAMS 0x0000000662800000| PB 0x0000000662800000| Untracked 
| 394|0x0000000662800000, 0x0000000662c00000, 0x0000000662c00000|100%| O|  |TAMS 0x0000000662c00000| PB 0x0000000662c00000| Untracked 
| 395|0x0000000662c00000, 0x0000000663000000, 0x0000000663000000|100%| O|  |TAMS 0x0000000663000000| PB 0x0000000663000000| Untracked 
| 396|0x0000000663000000, 0x0000000663400000, 0x0000000663400000|100%| O|  |TAMS 0x0000000663400000| PB 0x0000000663400000| Untracked 
| 397|0x0000000663400000, 0x0000000663800000, 0x0000000663800000|100%| O|  |TAMS 0x0000000663800000| PB 0x0000000663800000| Untracked 
| 398|0x0000000663800000, 0x0000000663c00000, 0x0000000663c00000|100%| O|  |TAMS 0x0000000663c00000| PB 0x0000000663c00000| Untracked 
| 399|0x0000000663c00000, 0x0000000664000000, 0x0000000664000000|100%| O|  |TAMS 0x0000000664000000| PB 0x0000000664000000| Updating 
| 400|0x0000000664000000, 0x0000000664400000, 0x0000000664400000|100%| O|  |TAMS 0x0000000664400000| PB 0x0000000664400000| Updating 
| 401|0x0000000664400000, 0x0000000664800000, 0x0000000664800000|100%| O|  |TAMS 0x0000000664800000| PB 0x0000000664800000| Untracked 
| 402|0x0000000664800000, 0x0000000664c00000, 0x0000000664c00000|100%| O|  |TAMS 0x0000000664c00000| PB 0x0000000664c00000| Untracked 
| 403|0x0000000664c00000, 0x0000000665000000, 0x0000000665000000|100%| O|  |TAMS 0x0000000665000000| PB 0x0000000665000000| Untracked 
| 404|0x0000000665000000, 0x0000000665400000, 0x0000000665400000|100%| O|  |TAMS 0x0000000665400000| PB 0x0000000665400000| Untracked 
| 405|0x0000000665400000, 0x0000000665800000, 0x0000000665800000|100%| O|  |TAMS 0x0000000665800000| PB 0x0000000665800000| Untracked 
| 406|0x0000000665800000, 0x0000000665c00000, 0x0000000665c00000|100%| O|  |TAMS 0x0000000665c00000| PB 0x0000000665c00000| Untracked 
| 407|0x0000000665c00000, 0x0000000666000000, 0x0000000666000000|100%| O|  |TAMS 0x0000000666000000| PB 0x0000000666000000| Untracked 
| 408|0x0000000666000000, 0x0000000666400000, 0x0000000666400000|100%| O|  |TAMS 0x0000000666400000| PB 0x0000000666400000| Untracked 
| 409|0x0000000666400000, 0x0000000666800000, 0x0000000666800000|100%| O|  |TAMS 0x0000000666800000| PB 0x0000000666800000| Untracked 
| 410|0x0000000666800000, 0x0000000666c00000, 0x0000000666c00000|100%| O|  |TAMS 0x0000000666c00000| PB 0x0000000666c00000| Untracked 
| 411|0x0000000666c00000, 0x0000000667000000, 0x0000000667000000|100%| O|  |TAMS 0x0000000667000000| PB 0x0000000667000000| Untracked 
| 412|0x0000000667000000, 0x0000000667400000, 0x0000000667400000|100%| O|  |TAMS 0x0000000667400000| PB 0x0000000667400000| Untracked 
| 413|0x0000000667400000, 0x0000000667800000, 0x0000000667800000|100%| O|  |TAMS 0x0000000667800000| PB 0x0000000667800000| Untracked 
| 414|0x0000000667800000, 0x0000000667c00000, 0x0000000667c00000|100%| O|  |TAMS 0x0000000667c00000| PB 0x0000000667c00000| Untracked 
| 415|0x0000000667c00000, 0x0000000668000000, 0x0000000668000000|100%| O|  |TAMS 0x0000000668000000| PB 0x0000000668000000| Untracked 
| 416|0x0000000668000000, 0x0000000668400000, 0x0000000668400000|100%| O|  |TAMS 0x0000000668400000| PB 0x0000000668400000| Untracked 
| 417|0x0000000668400000, 0x0000000668800000, 0x0000000668800000|100%| O|  |TAMS 0x0000000668800000| PB 0x0000000668800000| Untracked 
| 418|0x0000000668800000, 0x0000000668c00000, 0x0000000668c00000|100%| O|  |TAMS 0x0000000668c00000| PB 0x0000000668c00000| Untracked 
| 419|0x0000000668c00000, 0x0000000669000000, 0x0000000669000000|100%| O|  |TAMS 0x0000000669000000| PB 0x0000000669000000| Untracked 
| 420|0x0000000669000000, 0x0000000669400000, 0x0000000669400000|100%| O|  |TAMS 0x0000000669400000| PB 0x0000000669400000| Untracked 
| 421|0x0000000669400000, 0x0000000669800000, 0x0000000669800000|100%| O|  |TAMS 0x0000000669800000| PB 0x0000000669800000| Untracked 
| 422|0x0000000669800000, 0x0000000669c00000, 0x0000000669c00000|100%| O|  |TAMS 0x0000000669c00000| PB 0x0000000669c00000| Untracked 
| 423|0x0000000669c00000, 0x000000066a000000, 0x000000066a000000|100%| O|  |TAMS 0x000000066a000000| PB 0x000000066a000000| Untracked 
| 424|0x000000066a000000, 0x000000066a400000, 0x000000066a400000|100%| O|  |TAMS 0x000000066a400000| PB 0x000000066a400000| Untracked 
| 425|0x000000066a400000, 0x000000066a800000, 0x000000066a800000|100%| O|  |TAMS 0x000000066a800000| PB 0x000000066a800000| Untracked 
| 426|0x000000066a800000, 0x000000066ac00000, 0x000000066ac00000|100%| O|  |TAMS 0x000000066ac00000| PB 0x000000066ac00000| Untracked 
| 427|0x000000066ac00000, 0x000000066b000000, 0x000000066b000000|100%| O|  |TAMS 0x000000066b000000| PB 0x000000066b000000| Untracked 
| 428|0x000000066b000000, 0x000000066b400000, 0x000000066b400000|100%| O|  |TAMS 0x000000066b400000| PB 0x000000066b400000| Untracked 
| 429|0x000000066b400000, 0x000000066b800000, 0x000000066b800000|100%| O|  |TAMS 0x000000066b800000| PB 0x000000066b800000| Untracked 
| 430|0x000000066b800000, 0x000000066bc00000, 0x000000066bc00000|100%| O|  |TAMS 0x000000066bc00000| PB 0x000000066bc00000| Untracked 
| 431|0x000000066bc00000, 0x000000066c000000, 0x000000066c000000|100%| O|  |TAMS 0x000000066c000000| PB 0x000000066c000000| Untracked 
| 432|0x000000066c000000, 0x000000066c400000, 0x000000066c400000|100%| O|  |TAMS 0x000000066c400000| PB 0x000000066c400000| Untracked 
| 433|0x000000066c400000, 0x000000066c800000, 0x000000066c800000|100%| O|  |TAMS 0x000000066c800000| PB 0x000000066c800000| Untracked 
| 434|0x000000066c800000, 0x000000066cc00000, 0x000000066cc00000|100%| O|  |TAMS 0x000000066cc00000| PB 0x000000066cc00000| Untracked 
| 435|0x000000066cc00000, 0x000000066d000000, 0x000000066d000000|100%| O|  |TAMS 0x000000066d000000| PB 0x000000066d000000| Untracked 
| 436|0x000000066d000000, 0x000000066d400000, 0x000000066d400000|100%| O|  |TAMS 0x000000066d400000| PB 0x000000066d400000| Updating 
| 437|0x000000066d400000, 0x000000066d800000, 0x000000066d800000|100%| O|  |TAMS 0x000000066d800000| PB 0x000000066d800000| Untracked 
| 438|0x000000066d800000, 0x000000066dc00000, 0x000000066dc00000|100%| O|  |TAMS 0x000000066dc00000| PB 0x000000066dc00000| Untracked 
| 439|0x000000066dc00000, 0x000000066e000000, 0x000000066e000000|100%| O|  |TAMS 0x000000066e000000| PB 0x000000066e000000| Updating 
| 440|0x000000066e000000, 0x000000066e400000, 0x000000066e400000|100%| O|  |TAMS 0x000000066e400000| PB 0x000000066e400000| Untracked 
| 441|0x000000066e400000, 0x000000066e800000, 0x000000066e800000|100%| O|  |TAMS 0x000000066e800000| PB 0x000000066e800000| Untracked 
| 442|0x000000066e800000, 0x000000066ec00000, 0x000000066ec00000|100%| O|  |TAMS 0x000000066ec00000| PB 0x000000066ec00000| Untracked 
| 443|0x000000066ec00000, 0x000000066f000000, 0x000000066f000000|100%| O|  |TAMS 0x000000066f000000| PB 0x000000066f000000| Untracked 
| 444|0x000000066f000000, 0x000000066f400000, 0x000000066f400000|100%| O|  |TAMS 0x000000066f400000| PB 0x000000066f400000| Untracked 
| 445|0x000000066f400000, 0x000000066f800000, 0x000000066f800000|100%| O|  |TAMS 0x000000066f800000| PB 0x000000066f800000| Untracked 
| 446|0x000000066f800000, 0x000000066fc00000, 0x000000066fc00000|100%| O|  |TAMS 0x000000066fc00000| PB 0x000000066fc00000| Untracked 
| 447|0x000000066fc00000, 0x0000000670000000, 0x0000000670000000|100%| O|  |TAMS 0x0000000670000000| PB 0x0000000670000000| Untracked 
| 448|0x0000000670000000, 0x0000000670400000, 0x0000000670400000|100%| O|  |TAMS 0x0000000670400000| PB 0x0000000670400000| Untracked 
| 449|0x0000000670400000, 0x0000000670800000, 0x0000000670800000|100%| O|  |TAMS 0x0000000670800000| PB 0x0000000670800000| Untracked 
| 450|0x0000000670800000, 0x0000000670c00000, 0x0000000670c00000|100%| O|  |TAMS 0x0000000670c00000| PB 0x0000000670c00000| Untracked 
| 451|0x0000000670c00000, 0x0000000671000000, 0x0000000671000000|100%| O|  |TAMS 0x0000000671000000| PB 0x0000000671000000| Untracked 
| 452|0x0000000671000000, 0x0000000671400000, 0x0000000671400000|100%| O|  |TAMS 0x0000000671400000| PB 0x0000000671400000| Untracked 
| 453|0x0000000671400000, 0x0000000671800000, 0x0000000671800000|100%| O|  |TAMS 0x0000000671800000| PB 0x0000000671800000| Untracked 
| 454|0x0000000671800000, 0x0000000671c00000, 0x0000000671c00000|100%| O|  |TAMS 0x0000000671c00000| PB 0x0000000671c00000| Untracked 
| 455|0x0000000671c00000, 0x0000000672000000, 0x0000000672000000|100%| O|  |TAMS 0x0000000672000000| PB 0x0000000672000000| Untracked 
| 456|0x0000000672000000, 0x0000000672400000, 0x0000000672400000|100%| O|  |TAMS 0x0000000672400000| PB 0x0000000672400000| Untracked 
| 457|0x0000000672400000, 0x0000000672800000, 0x0000000672800000|100%| O|  |TAMS 0x0000000672800000| PB 0x0000000672800000| Untracked 
| 458|0x0000000672800000, 0x0000000672c00000, 0x0000000672c00000|100%| O|  |TAMS 0x0000000672c00000| PB 0x0000000672c00000| Untracked 
| 459|0x0000000672c00000, 0x0000000673000000, 0x0000000673000000|100%| O|  |TAMS 0x0000000673000000| PB 0x0000000673000000| Untracked 
| 460|0x0000000673000000, 0x0000000673400000, 0x0000000673400000|100%| O|  |TAMS 0x0000000673400000| PB 0x0000000673400000| Untracked 
| 461|0x0000000673400000, 0x0000000673800000, 0x0000000673800000|100%| O|  |TAMS 0x0000000673800000| PB 0x0000000673800000| Untracked 
| 462|0x0000000673800000, 0x0000000673c00000, 0x0000000673c00000|100%| O|  |TAMS 0x0000000673c00000| PB 0x0000000673c00000| Untracked 
| 463|0x0000000673c00000, 0x0000000674000000, 0x0000000674000000|100%| O|  |TAMS 0x0000000674000000| PB 0x0000000674000000| Untracked 
| 464|0x0000000674000000, 0x0000000674400000, 0x0000000674400000|100%| O|  |TAMS 0x0000000674400000| PB 0x0000000674400000| Untracked 
| 465|0x0000000674400000, 0x0000000674800000, 0x0000000674800000|100%| O|  |TAMS 0x0000000674800000| PB 0x0000000674800000| Untracked 
| 466|0x0000000674800000, 0x0000000674c00000, 0x0000000674c00000|100%| O|  |TAMS 0x0000000674c00000| PB 0x0000000674c00000| Updating 
| 467|0x0000000674c00000, 0x0000000675000000, 0x0000000675000000|100%| O|  |TAMS 0x0000000675000000| PB 0x0000000675000000| Updating 
| 468|0x0000000675000000, 0x0000000675400000, 0x0000000675400000|100%| O|  |TAMS 0x0000000675400000| PB 0x0000000675400000| Updating 
| 469|0x0000000675400000, 0x0000000675800000, 0x0000000675800000|100%| O|  |TAMS 0x0000000675800000| PB 0x0000000675800000| Updating 
| 470|0x0000000675800000, 0x0000000675c00000, 0x0000000675c00000|100%| O|  |TAMS 0x0000000675c00000| PB 0x0000000675c00000| Updating 
| 471|0x0000000675c00000, 0x0000000676000000, 0x0000000676000000|100%| O|  |TAMS 0x0000000676000000| PB 0x0000000676000000| Untracked 
| 472|0x0000000676000000, 0x0000000676400000, 0x0000000676400000|100%| O|  |TAMS 0x0000000676400000| PB 0x0000000676400000| Untracked 
| 473|0x0000000676400000, 0x0000000676800000, 0x0000000676800000|100%| O|  |TAMS 0x0000000676800000| PB 0x0000000676800000| Untracked 
| 474|0x0000000676800000, 0x0000000676c00000, 0x0000000676c00000|100%| O|  |TAMS 0x0000000676c00000| PB 0x0000000676c00000| Untracked 
| 475|0x0000000676c00000, 0x0000000677000000, 0x0000000677000000|100%| O|  |TAMS 0x0000000677000000| PB 0x0000000677000000| Untracked 
| 476|0x0000000677000000, 0x0000000677400000, 0x0000000677400000|100%| O|  |TAMS 0x0000000677400000| PB 0x0000000677400000| Untracked 
| 477|0x0000000677400000, 0x0000000677800000, 0x0000000677800000|100%| O|  |TAMS 0x0000000677800000| PB 0x0000000677800000| Untracked 
| 478|0x0000000677800000, 0x0000000677c00000, 0x0000000677c00000|100%| O|  |TAMS 0x0000000677c00000| PB 0x0000000677c00000| Untracked 
| 479|0x0000000677c00000, 0x0000000678000000, 0x0000000678000000|100%| O|  |TAMS 0x0000000678000000| PB 0x0000000678000000| Untracked 
| 480|0x0000000678000000, 0x0000000678400000, 0x0000000678400000|100%| O|  |TAMS 0x0000000678400000| PB 0x0000000678400000| Untracked 
| 481|0x0000000678400000, 0x0000000678800000, 0x0000000678800000|100%| O|  |TAMS 0x0000000678800000| PB 0x0000000678800000| Untracked 
| 482|0x0000000678800000, 0x0000000678c00000, 0x0000000678c00000|100%| O|  |TAMS 0x0000000678c00000| PB 0x0000000678c00000| Untracked 
| 483|0x0000000678c00000, 0x0000000679000000, 0x0000000679000000|100%| O|  |TAMS 0x0000000679000000| PB 0x0000000679000000| Untracked 
| 484|0x0000000679000000, 0x0000000679400000, 0x0000000679400000|100%| O|  |TAMS 0x0000000679400000| PB 0x0000000679400000| Untracked 
| 485|0x0000000679400000, 0x0000000679800000, 0x0000000679800000|100%| O|  |TAMS 0x0000000679800000| PB 0x0000000679800000| Untracked 
| 486|0x0000000679800000, 0x0000000679c00000, 0x0000000679c00000|100%| O|  |TAMS 0x0000000679c00000| PB 0x0000000679c00000| Untracked 
| 487|0x0000000679c00000, 0x000000067a000000, 0x000000067a000000|100%| O|  |TAMS 0x000000067a000000| PB 0x000000067a000000| Untracked 
| 488|0x000000067a000000, 0x000000067a400000, 0x000000067a400000|100%| O|  |TAMS 0x000000067a400000| PB 0x000000067a400000| Untracked 
| 489|0x000000067a400000, 0x000000067a800000, 0x000000067a800000|100%| O|  |TAMS 0x000000067a800000| PB 0x000000067a800000| Untracked 
| 490|0x000000067a800000, 0x000000067ac00000, 0x000000067ac00000|100%| O|  |TAMS 0x000000067ac00000| PB 0x000000067ac00000| Untracked 
| 491|0x000000067ac00000, 0x000000067b000000, 0x000000067b000000|100%| O|  |TAMS 0x000000067b000000| PB 0x000000067b000000| Untracked 
| 492|0x000000067b000000, 0x000000067b400000, 0x000000067b400000|100%| O|  |TAMS 0x000000067b400000| PB 0x000000067b400000| Untracked 
| 493|0x000000067b400000, 0x000000067b800000, 0x000000067b800000|100%| O|  |TAMS 0x000000067b800000| PB 0x000000067b800000| Untracked 
| 494|0x000000067b800000, 0x000000067bc00000, 0x000000067bc00000|100%| O|  |TAMS 0x000000067bc00000| PB 0x000000067bc00000| Untracked 
| 495|0x000000067bc00000, 0x000000067c000000, 0x000000067c000000|100%| O|  |TAMS 0x000000067c000000| PB 0x000000067c000000| Untracked 
| 496|0x000000067c000000, 0x000000067c400000, 0x000000067c400000|100%| O|  |TAMS 0x000000067c400000| PB 0x000000067c400000| Untracked 
| 497|0x000000067c400000, 0x000000067c800000, 0x000000067c800000|100%| O|  |TAMS 0x000000067c800000| PB 0x000000067c800000| Untracked 
| 498|0x000000067c800000, 0x000000067cc00000, 0x000000067cc00000|100%| O|  |TAMS 0x000000067cc00000| PB 0x000000067cc00000| Updating 
| 499|0x000000067cc00000, 0x000000067d000000, 0x000000067d000000|100%| O|  |TAMS 0x000000067d000000| PB 0x000000067d000000| Untracked 
| 500|0x000000067d000000, 0x000000067d400000, 0x000000067d400000|100%| O|  |TAMS 0x000000067d400000| PB 0x000000067d400000| Untracked 
| 501|0x000000067d400000, 0x000000067d800000, 0x000000067d800000|100%| O|  |TAMS 0x000000067d800000| PB 0x000000067d800000| Untracked 
| 502|0x000000067d800000, 0x000000067dc00000, 0x000000067dc00000|100%| O|  |TAMS 0x000000067dc00000| PB 0x000000067dc00000| Updating 
| 503|0x000000067dc00000, 0x000000067e000000, 0x000000067e000000|100%| O|  |TAMS 0x000000067e000000| PB 0x000000067e000000| Updating 
| 504|0x000000067e000000, 0x000000067e400000, 0x000000067e400000|100%| O|  |TAMS 0x000000067e400000| PB 0x000000067e400000| Untracked 
| 505|0x000000067e400000, 0x000000067e800000, 0x000000067e800000|100%| O|  |TAMS 0x000000067e800000| PB 0x000000067e800000| Updating 
| 506|0x000000067e800000, 0x000000067ec00000, 0x000000067ec00000|100%| O|  |TAMS 0x000000067ec00000| PB 0x000000067ec00000| Updating 
| 507|0x000000067ec00000, 0x000000067f000000, 0x000000067f000000|100%| O|  |TAMS 0x000000067f000000| PB 0x000000067f000000| Untracked 
| 508|0x000000067f000000, 0x000000067f400000, 0x000000067f400000|100%| O|  |TAMS 0x000000067f400000| PB 0x000000067f400000| Untracked 
| 509|0x000000067f400000, 0x000000067f800000, 0x000000067f800000|100%| O|  |TAMS 0x000000067f800000| PB 0x000000067f800000| Untracked 
| 510|0x000000067f800000, 0x000000067fc00000, 0x000000067fc00000|100%| O|  |TAMS 0x000000067fc00000| PB 0x000000067fc00000| Untracked 
| 511|0x000000067fc00000, 0x0000000680000000, 0x0000000680000000|100%| O|  |TAMS 0x0000000680000000| PB 0x0000000680000000| Updating 
| 512|0x0000000680000000, 0x0000000680400000, 0x0000000680400000|100%| O|  |TAMS 0x0000000680400000| PB 0x0000000680400000| Untracked 
| 513|0x0000000680400000, 0x0000000680800000, 0x0000000680800000|100%| O|  |TAMS 0x0000000680800000| PB 0x0000000680800000| Untracked 
| 514|0x0000000680800000, 0x0000000680c00000, 0x0000000680c00000|100%| O|  |TAMS 0x0000000680c00000| PB 0x0000000680c00000| Untracked 
| 515|0x0000000680c00000, 0x0000000681000000, 0x0000000681000000|100%| O|  |TAMS 0x0000000681000000| PB 0x0000000681000000| Untracked 
| 516|0x0000000681000000, 0x0000000681400000, 0x0000000681400000|100%| O|  |TAMS 0x0000000681400000| PB 0x0000000681400000| Untracked 
| 517|0x0000000681400000, 0x0000000681800000, 0x0000000681800000|100%| O|  |TAMS 0x0000000681800000| PB 0x0000000681800000| Untracked 
| 518|0x0000000681800000, 0x0000000681c00000, 0x0000000681c00000|100%| O|  |TAMS 0x0000000681c00000| PB 0x0000000681c00000| Untracked 
| 519|0x0000000681c00000, 0x0000000682000000, 0x0000000682000000|100%| O|  |TAMS 0x0000000682000000| PB 0x0000000682000000| Untracked 
| 520|0x0000000682000000, 0x0000000682400000, 0x0000000682400000|100%| O|  |TAMS 0x0000000682400000| PB 0x0000000682400000| Untracked 
| 521|0x0000000682400000, 0x0000000682800000, 0x0000000682800000|100%| O|  |TAMS 0x0000000682800000| PB 0x0000000682800000| Untracked 
| 522|0x0000000682800000, 0x0000000682c00000, 0x0000000682c00000|100%| O|  |TAMS 0x0000000682c00000| PB 0x0000000682c00000| Untracked 
| 523|0x0000000682c00000, 0x0000000683000000, 0x0000000683000000|100%| O|  |TAMS 0x0000000683000000| PB 0x0000000683000000| Untracked 
| 524|0x0000000683000000, 0x0000000683400000, 0x0000000683400000|100%| O|  |TAMS 0x0000000683400000| PB 0x0000000683400000| Untracked 
| 525|0x0000000683400000, 0x0000000683800000, 0x0000000683800000|100%| O|  |TAMS 0x0000000683800000| PB 0x0000000683800000| Untracked 
| 526|0x0000000683800000, 0x0000000683c00000, 0x0000000683c00000|100%| O|  |TAMS 0x0000000683c00000| PB 0x0000000683c00000| Untracked 
| 527|0x0000000683c00000, 0x0000000684000000, 0x0000000684000000|100%| O|  |TAMS 0x0000000684000000| PB 0x0000000684000000| Untracked 
| 528|0x0000000684000000, 0x0000000684400000, 0x0000000684400000|100%| O|  |TAMS 0x0000000684400000| PB 0x0000000684400000| Untracked 
| 529|0x0000000684400000, 0x0000000684800000, 0x0000000684800000|100%| O|  |TAMS 0x0000000684800000| PB 0x0000000684800000| Untracked 
| 530|0x0000000684800000, 0x0000000684c00000, 0x0000000684c00000|100%| O|  |TAMS 0x0000000684c00000| PB 0x0000000684c00000| Untracked 
| 531|0x0000000684c00000, 0x0000000685000000, 0x0000000685000000|100%| O|  |TAMS 0x0000000685000000| PB 0x0000000685000000| Untracked 
| 532|0x0000000685000000, 0x0000000685400000, 0x0000000685400000|100%| O|  |TAMS 0x0000000685400000| PB 0x0000000685400000| Untracked 
| 533|0x0000000685400000, 0x0000000685800000, 0x0000000685800000|100%| O|  |TAMS 0x0000000685800000| PB 0x0000000685800000| Untracked 
| 534|0x0000000685800000, 0x0000000685c00000, 0x0000000685c00000|100%| O|  |TAMS 0x0000000685c00000| PB 0x0000000685c00000| Untracked 
| 535|0x0000000685c00000, 0x0000000686000000, 0x0000000686000000|100%| O|  |TAMS 0x0000000686000000| PB 0x0000000686000000| Untracked 
| 536|0x0000000686000000, 0x0000000686400000, 0x0000000686400000|100%| O|  |TAMS 0x0000000686400000| PB 0x0000000686400000| Untracked 
| 537|0x0000000686400000, 0x0000000686800000, 0x0000000686800000|100%| O|  |TAMS 0x0000000686800000| PB 0x0000000686800000| Untracked 
| 538|0x0000000686800000, 0x0000000686c00000, 0x0000000686c00000|100%| O|  |TAMS 0x0000000686c00000| PB 0x0000000686c00000| Untracked 
| 539|0x0000000686c00000, 0x0000000687000000, 0x0000000687000000|100%| O|  |TAMS 0x0000000687000000| PB 0x0000000687000000| Untracked 
| 540|0x0000000687000000, 0x0000000687400000, 0x0000000687400000|100%| O|  |TAMS 0x0000000687400000| PB 0x0000000687400000| Untracked 
| 541|0x0000000687400000, 0x0000000687800000, 0x0000000687800000|100%| O|  |TAMS 0x0000000687800000| PB 0x0000000687800000| Untracked 
| 542|0x0000000687800000, 0x0000000687c00000, 0x0000000687c00000|100%| O|  |TAMS 0x0000000687c00000| PB 0x0000000687c00000| Untracked 
| 543|0x0000000687c00000, 0x0000000688000000, 0x0000000688000000|100%| O|  |TAMS 0x0000000688000000| PB 0x0000000688000000| Untracked 
| 544|0x0000000688000000, 0x0000000688400000, 0x0000000688400000|100%| O|  |TAMS 0x0000000688400000| PB 0x0000000688400000| Untracked 
| 545|0x0000000688400000, 0x0000000688800000, 0x0000000688800000|100%| O|  |TAMS 0x0000000688800000| PB 0x0000000688800000| Untracked 
| 546|0x0000000688800000, 0x0000000688c00000, 0x0000000688c00000|100%| O|  |TAMS 0x0000000688c00000| PB 0x0000000688c00000| Untracked 
| 547|0x0000000688c00000, 0x0000000689000000, 0x0000000689000000|100%| O|  |TAMS 0x0000000689000000| PB 0x0000000689000000| Untracked 
| 548|0x0000000689000000, 0x0000000689400000, 0x0000000689400000|100%| O|  |TAMS 0x0000000689400000| PB 0x0000000689400000| Untracked 
| 549|0x0000000689400000, 0x0000000689800000, 0x0000000689800000|100%| O|  |TAMS 0x0000000689800000| PB 0x0000000689800000| Untracked 
| 550|0x0000000689800000, 0x0000000689c00000, 0x0000000689c00000|100%| O|  |TAMS 0x0000000689c00000| PB 0x0000000689c00000| Untracked 
| 551|0x0000000689c00000, 0x000000068a000000, 0x000000068a000000|100%| O|  |TAMS 0x000000068a000000| PB 0x000000068a000000| Untracked 
| 552|0x000000068a000000, 0x000000068a400000, 0x000000068a400000|100%| O|  |TAMS 0x000000068a400000| PB 0x000000068a400000| Untracked 
| 553|0x000000068a400000, 0x000000068a800000, 0x000000068a800000|100%| O|  |TAMS 0x000000068a800000| PB 0x000000068a800000| Untracked 
| 554|0x000000068a800000, 0x000000068ac00000, 0x000000068ac00000|100%| O|  |TAMS 0x000000068ac00000| PB 0x000000068ac00000| Untracked 
| 555|0x000000068ac00000, 0x000000068b000000, 0x000000068b000000|100%| O|  |TAMS 0x000000068b000000| PB 0x000000068b000000| Untracked 
| 556|0x000000068b000000, 0x000000068b400000, 0x000000068b400000|100%| O|  |TAMS 0x000000068b400000| PB 0x000000068b400000| Untracked 
| 557|0x000000068b400000, 0x000000068b800000, 0x000000068b800000|100%| O|  |TAMS 0x000000068b800000| PB 0x000000068b800000| Untracked 
| 558|0x000000068b800000, 0x000000068bc00000, 0x000000068bc00000|100%| O|  |TAMS 0x000000068bc00000| PB 0x000000068bc00000| Untracked 
| 559|0x000000068bc00000, 0x000000068c000000, 0x000000068c000000|100%| O|  |TAMS 0x000000068c000000| PB 0x000000068c000000| Untracked 
| 560|0x000000068c000000, 0x000000068c400000, 0x000000068c400000|100%| O|  |TAMS 0x000000068c400000| PB 0x000000068c400000| Updating 
| 561|0x000000068c400000, 0x000000068c800000, 0x000000068c800000|100%| O|  |TAMS 0x000000068c800000| PB 0x000000068c800000| Updating 
| 562|0x000000068c800000, 0x000000068cc00000, 0x000000068cc00000|100%| O|  |TAMS 0x000000068cc00000| PB 0x000000068cc00000| Updating 
| 563|0x000000068cc00000, 0x000000068d000000, 0x000000068d000000|100%| O|  |TAMS 0x000000068d000000| PB 0x000000068d000000| Updating 
| 564|0x000000068d000000, 0x000000068d400000, 0x000000068d400000|100%| O|  |TAMS 0x000000068d400000| PB 0x000000068d400000| Untracked 
| 565|0x000000068d400000, 0x000000068d800000, 0x000000068d800000|100%| O|  |TAMS 0x000000068d800000| PB 0x000000068d800000| Untracked 
| 566|0x000000068d800000, 0x000000068dc00000, 0x000000068dc00000|100%| O|  |TAMS 0x000000068dc00000| PB 0x000000068dc00000| Untracked 
| 567|0x000000068dc00000, 0x000000068e000000, 0x000000068e000000|100%| O|  |TAMS 0x000000068e000000| PB 0x000000068e000000| Untracked 
| 568|0x000000068e000000, 0x000000068e400000, 0x000000068e400000|100%| O|  |TAMS 0x000000068e400000| PB 0x000000068e400000| Untracked 
| 569|0x000000068e400000, 0x000000068e800000, 0x000000068e800000|100%| O|  |TAMS 0x000000068e800000| PB 0x000000068e800000| Untracked 
| 570|0x000000068e800000, 0x000000068ec00000, 0x000000068ec00000|100%| O|  |TAMS 0x000000068ec00000| PB 0x000000068ec00000| Untracked 
| 571|0x000000068ec00000, 0x000000068f000000, 0x000000068f000000|100%| O|  |TAMS 0x000000068f000000| PB 0x000000068f000000| Untracked 
| 572|0x000000068f000000, 0x000000068f400000, 0x000000068f400000|100%| O|  |TAMS 0x000000068f400000| PB 0x000000068f400000| Untracked 
| 573|0x000000068f400000, 0x000000068f800000, 0x000000068f800000|100%| O|  |TAMS 0x000000068f800000| PB 0x000000068f800000| Untracked 
| 574|0x000000068f800000, 0x000000068fc00000, 0x000000068fc00000|100%| O|  |TAMS 0x000000068fc00000| PB 0x000000068fc00000| Untracked 
| 575|0x000000068fc00000, 0x0000000690000000, 0x0000000690000000|100%| O|  |TAMS 0x0000000690000000| PB 0x0000000690000000| Untracked 
| 576|0x0000000690000000, 0x0000000690400000, 0x0000000690400000|100%| O|  |TAMS 0x0000000690400000| PB 0x0000000690400000| Untracked 
| 577|0x0000000690400000, 0x0000000690800000, 0x0000000690800000|100%| O|  |TAMS 0x0000000690800000| PB 0x0000000690800000| Untracked 
| 578|0x0000000690800000, 0x0000000690c00000, 0x0000000690c00000|100%| O|  |TAMS 0x0000000690c00000| PB 0x0000000690c00000| Untracked 
| 579|0x0000000690c00000, 0x0000000691000000, 0x0000000691000000|100%| O|  |TAMS 0x0000000691000000| PB 0x0000000691000000| Untracked 
| 580|0x0000000691000000, 0x0000000691400000, 0x0000000691400000|100%| O|  |TAMS 0x0000000691400000| PB 0x0000000691400000| Untracked 
| 581|0x0000000691400000, 0x0000000691800000, 0x0000000691800000|100%| O|  |TAMS 0x0000000691800000| PB 0x0000000691800000| Untracked 
| 582|0x0000000691800000, 0x0000000691c00000, 0x0000000691c00000|100%| O|  |TAMS 0x0000000691c00000| PB 0x0000000691c00000| Untracked 
| 583|0x0000000691c00000, 0x0000000692000000, 0x0000000692000000|100%| O|  |TAMS 0x0000000692000000| PB 0x0000000692000000| Untracked 
| 584|0x0000000692000000, 0x0000000692400000, 0x0000000692400000|100%| O|  |TAMS 0x0000000692400000| PB 0x0000000692400000| Untracked 
| 585|0x0000000692400000, 0x0000000692800000, 0x0000000692800000|100%| O|  |TAMS 0x0000000692800000| PB 0x0000000692800000| Untracked 
| 586|0x0000000692800000, 0x0000000692c00000, 0x0000000692c00000|100%| O|  |TAMS 0x0000000692c00000| PB 0x0000000692c00000| Untracked 
| 587|0x0000000692c00000, 0x0000000693000000, 0x0000000693000000|100%| O|  |TAMS 0x0000000693000000| PB 0x0000000693000000| Untracked 
| 588|0x0000000693000000, 0x0000000693400000, 0x0000000693400000|100%| O|  |TAMS 0x0000000693400000| PB 0x0000000693400000| Untracked 
| 589|0x0000000693400000, 0x0000000693800000, 0x0000000693800000|100%| O|  |TAMS 0x0000000693800000| PB 0x0000000693800000| Untracked 
| 590|0x0000000693800000, 0x0000000693c00000, 0x0000000693c00000|100%| O|  |TAMS 0x0000000693c00000| PB 0x0000000693c00000| Untracked 
| 591|0x0000000693c00000, 0x0000000694000000, 0x0000000694000000|100%| O|  |TAMS 0x0000000694000000| PB 0x0000000694000000| Untracked 
| 592|0x0000000694000000, 0x0000000694400000, 0x0000000694400000|100%| O|  |TAMS 0x0000000694400000| PB 0x0000000694400000| Untracked 
| 593|0x0000000694400000, 0x0000000694800000, 0x0000000694800000|100%| O|  |TAMS 0x0000000694800000| PB 0x0000000694800000| Untracked 
| 594|0x0000000694800000, 0x0000000694c00000, 0x0000000694c00000|100%| O|  |TAMS 0x0000000694c00000| PB 0x0000000694c00000| Untracked 
| 595|0x0000000694c00000, 0x0000000695000000, 0x0000000695000000|100%| O|  |TAMS 0x0000000695000000| PB 0x0000000695000000| Untracked 
| 596|0x0000000695000000, 0x0000000695400000, 0x0000000695400000|100%| O|  |TAMS 0x0000000695400000| PB 0x0000000695400000| Untracked 
| 597|0x0000000695400000, 0x0000000695800000, 0x0000000695800000|100%| O|  |TAMS 0x0000000695800000| PB 0x0000000695800000| Untracked 
| 598|0x0000000695800000, 0x0000000695c00000, 0x0000000695c00000|100%| O|  |TAMS 0x0000000695c00000| PB 0x0000000695c00000| Untracked 
| 599|0x0000000695c00000, 0x0000000696000000, 0x0000000696000000|100%| O|  |TAMS 0x0000000696000000| PB 0x0000000696000000| Untracked 
| 600|0x0000000696000000, 0x0000000696400000, 0x0000000696400000|100%| O|  |TAMS 0x0000000696400000| PB 0x0000000696400000| Untracked 
| 601|0x0000000696400000, 0x0000000696800000, 0x0000000696800000|100%| O|  |TAMS 0x0000000696800000| PB 0x0000000696800000| Untracked 
| 602|0x0000000696800000, 0x0000000696c00000, 0x0000000696c00000|100%| O|  |TAMS 0x0000000696c00000| PB 0x0000000696c00000| Untracked 
| 603|0x0000000696c00000, 0x0000000697000000, 0x0000000697000000|100%| O|  |TAMS 0x0000000697000000| PB 0x0000000697000000| Untracked 
| 604|0x0000000697000000, 0x0000000697400000, 0x0000000697400000|100%| O|  |TAMS 0x0000000697400000| PB 0x0000000697400000| Untracked 
| 605|0x0000000697400000, 0x0000000697800000, 0x0000000697800000|100%| O|  |TAMS 0x0000000697800000| PB 0x0000000697800000| Untracked 
| 606|0x0000000697800000, 0x0000000697c00000, 0x0000000697c00000|100%| O|  |TAMS 0x0000000697c00000| PB 0x0000000697c00000| Untracked 
| 607|0x0000000697c00000, 0x0000000698000000, 0x0000000698000000|100%| O|  |TAMS 0x0000000698000000| PB 0x0000000698000000| Untracked 
| 608|0x0000000698000000, 0x0000000698400000, 0x0000000698400000|100%| O|  |TAMS 0x0000000698400000| PB 0x0000000698400000| Untracked 
| 609|0x0000000698400000, 0x0000000698800000, 0x0000000698800000|100%| O|  |TAMS 0x0000000698800000| PB 0x0000000698800000| Untracked 
| 610|0x0000000698800000, 0x0000000698c00000, 0x0000000698c00000|100%| O|  |TAMS 0x0000000698c00000| PB 0x0000000698c00000| Untracked 
| 611|0x0000000698c00000, 0x0000000699000000, 0x0000000699000000|100%| O|  |TAMS 0x0000000699000000| PB 0x0000000699000000| Untracked 
| 612|0x0000000699000000, 0x0000000699400000, 0x0000000699400000|100%| O|  |TAMS 0x0000000699400000| PB 0x0000000699400000| Updating 
| 613|0x0000000699400000, 0x0000000699800000, 0x0000000699800000|100%| O|  |TAMS 0x0000000699800000| PB 0x0000000699800000| Updating 
| 614|0x0000000699800000, 0x0000000699c00000, 0x0000000699c00000|100%| O|  |TAMS 0x0000000699c00000| PB 0x0000000699c00000| Updating 
| 615|0x0000000699c00000, 0x000000069a000000, 0x000000069a000000|100%| O|  |TAMS 0x000000069a000000| PB 0x000000069a000000| Updating 
| 616|0x000000069a000000, 0x000000069a400000, 0x000000069a400000|100%| O|  |TAMS 0x000000069a400000| PB 0x000000069a400000| Updating 
| 617|0x000000069a400000, 0x000000069a800000, 0x000000069a800000|100%| O|  |TAMS 0x000000069a800000| PB 0x000000069a800000| Untracked 
| 618|0x000000069a800000, 0x000000069ac00000, 0x000000069ac00000|100%| O|  |TAMS 0x000000069ac00000| PB 0x000000069ac00000| Untracked 
| 619|0x000000069ac00000, 0x000000069b000000, 0x000000069b000000|100%| O|  |TAMS 0x000000069b000000| PB 0x000000069b000000| Untracked 
| 620|0x000000069b000000, 0x000000069b400000, 0x000000069b400000|100%| O|  |TAMS 0x000000069b400000| PB 0x000000069b400000| Untracked 
| 621|0x000000069b400000, 0x000000069b800000, 0x000000069b800000|100%| O|  |TAMS 0x000000069b800000| PB 0x000000069b800000| Untracked 
| 622|0x000000069b800000, 0x000000069bc00000, 0x000000069bc00000|100%| O|  |TAMS 0x000000069bc00000| PB 0x000000069bc00000| Untracked 
| 623|0x000000069bc00000, 0x000000069c000000, 0x000000069c000000|100%| O|  |TAMS 0x000000069c000000| PB 0x000000069c000000| Untracked 
| 624|0x000000069c000000, 0x000000069c400000, 0x000000069c400000|100%| O|  |TAMS 0x000000069c400000| PB 0x000000069c400000| Untracked 
| 625|0x000000069c400000, 0x000000069c800000, 0x000000069c800000|100%| O|  |TAMS 0x000000069c800000| PB 0x000000069c800000| Untracked 
| 626|0x000000069c800000, 0x000000069cc00000, 0x000000069cc00000|100%| O|  |TAMS 0x000000069cc00000| PB 0x000000069cc00000| Untracked 
| 627|0x000000069cc00000, 0x000000069d000000, 0x000000069d000000|100%| O|  |TAMS 0x000000069d000000| PB 0x000000069d000000| Untracked 
| 628|0x000000069d000000, 0x000000069d400000, 0x000000069d400000|100%| O|  |TAMS 0x000000069d400000| PB 0x000000069d400000| Untracked 
| 629|0x000000069d400000, 0x000000069d800000, 0x000000069d800000|100%| O|  |TAMS 0x000000069d800000| PB 0x000000069d800000| Untracked 
| 630|0x000000069d800000, 0x000000069dc00000, 0x000000069dc00000|100%| O|  |TAMS 0x000000069dc00000| PB 0x000000069dc00000| Untracked 
| 631|0x000000069dc00000, 0x000000069e000000, 0x000000069e000000|100%| O|  |TAMS 0x000000069e000000| PB 0x000000069e000000| Untracked 
| 632|0x000000069e000000, 0x000000069e400000, 0x000000069e400000|100%| O|  |TAMS 0x000000069e400000| PB 0x000000069e400000| Untracked 
| 633|0x000000069e400000, 0x000000069e800000, 0x000000069e800000|100%| O|  |TAMS 0x000000069e800000| PB 0x000000069e800000| Untracked 
| 634|0x000000069e800000, 0x000000069ec00000, 0x000000069ec00000|100%| O|  |TAMS 0x000000069ec00000| PB 0x000000069ec00000| Untracked 
| 635|0x000000069ec00000, 0x000000069f000000, 0x000000069f000000|100%| O|  |TAMS 0x000000069f000000| PB 0x000000069f000000| Untracked 
| 636|0x000000069f000000, 0x000000069f400000, 0x000000069f400000|100%| O|  |TAMS 0x000000069f400000| PB 0x000000069f400000| Untracked 
| 637|0x000000069f400000, 0x000000069f800000, 0x000000069f800000|100%| O|  |TAMS 0x000000069f800000| PB 0x000000069f800000| Untracked 
| 638|0x000000069f800000, 0x000000069fc00000, 0x000000069fc00000|100%| O|  |TAMS 0x000000069fc00000| PB 0x000000069fc00000| Untracked 
| 639|0x000000069fc00000, 0x00000006a0000000, 0x00000006a0000000|100%| O|  |TAMS 0x00000006a0000000| PB 0x00000006a0000000| Untracked 
| 640|0x00000006a0000000, 0x00000006a0400000, 0x00000006a0400000|100%| O|  |TAMS 0x00000006a0400000| PB 0x00000006a0400000| Untracked 
| 641|0x00000006a0400000, 0x00000006a0800000, 0x00000006a0800000|100%| O|  |TAMS 0x00000006a0800000| PB 0x00000006a0800000| Untracked 
| 642|0x00000006a0800000, 0x00000006a0c00000, 0x00000006a0c00000|100%| O|  |TAMS 0x00000006a0c00000| PB 0x00000006a0c00000| Untracked 
| 643|0x00000006a0c00000, 0x00000006a1000000, 0x00000006a1000000|100%| O|  |TAMS 0x00000006a1000000| PB 0x00000006a1000000| Untracked 
| 644|0x00000006a1000000, 0x00000006a1400000, 0x00000006a1400000|100%| O|  |TAMS 0x00000006a1400000| PB 0x00000006a1400000| Untracked 
| 645|0x00000006a1400000, 0x00000006a1800000, 0x00000006a1800000|100%| O|  |TAMS 0x00000006a1800000| PB 0x00000006a1800000| Untracked 
| 646|0x00000006a1800000, 0x00000006a1c00000, 0x00000006a1c00000|100%| O|  |TAMS 0x00000006a1c00000| PB 0x00000006a1c00000| Untracked 
| 647|0x00000006a1c00000, 0x00000006a2000000, 0x00000006a2000000|100%| O|  |TAMS 0x00000006a2000000| PB 0x00000006a2000000| Untracked 
| 648|0x00000006a2000000, 0x00000006a2400000, 0x00000006a2400000|100%| O|  |TAMS 0x00000006a2400000| PB 0x00000006a2400000| Untracked 
| 649|0x00000006a2400000, 0x00000006a2800000, 0x00000006a2800000|100%| O|  |TAMS 0x00000006a2800000| PB 0x00000006a2800000| Untracked 
| 650|0x00000006a2800000, 0x00000006a2c00000, 0x00000006a2c00000|100%| O|  |TAMS 0x00000006a2c00000| PB 0x00000006a2c00000| Untracked 
| 651|0x00000006a2c00000, 0x00000006a3000000, 0x00000006a3000000|100%| O|  |TAMS 0x00000006a3000000| PB 0x00000006a3000000| Untracked 
| 652|0x00000006a3000000, 0x00000006a3400000, 0x00000006a3400000|100%| O|  |TAMS 0x00000006a3400000| PB 0x00000006a3400000| Untracked 
| 653|0x00000006a3400000, 0x00000006a3800000, 0x00000006a3800000|100%| O|  |TAMS 0x00000006a3800000| PB 0x00000006a3800000| Untracked 
| 654|0x00000006a3800000, 0x00000006a3c00000, 0x00000006a3c00000|100%| O|  |TAMS 0x00000006a3c00000| PB 0x00000006a3c00000| Untracked 
| 655|0x00000006a3c00000, 0x00000006a4000000, 0x00000006a4000000|100%| O|  |TAMS 0x00000006a4000000| PB 0x00000006a4000000| Untracked 
| 656|0x00000006a4000000, 0x00000006a4400000, 0x00000006a4400000|100%| O|  |TAMS 0x00000006a4400000| PB 0x00000006a4400000| Untracked 
| 657|0x00000006a4400000, 0x00000006a4800000, 0x00000006a4800000|100%| O|  |TAMS 0x00000006a4800000| PB 0x00000006a4800000| Untracked 
| 658|0x00000006a4800000, 0x00000006a4c00000, 0x00000006a4c00000|100%| O|  |TAMS 0x00000006a4c00000| PB 0x00000006a4c00000| Untracked 
| 659|0x00000006a4c00000, 0x00000006a5000000, 0x00000006a5000000|100%| O|  |TAMS 0x00000006a5000000| PB 0x00000006a5000000| Updating 
| 660|0x00000006a5000000, 0x00000006a5400000, 0x00000006a5400000|100%| O|  |TAMS 0x00000006a5400000| PB 0x00000006a5400000| Untracked 
| 661|0x00000006a5400000, 0x00000006a5800000, 0x00000006a5800000|100%| O|  |TAMS 0x00000006a5800000| PB 0x00000006a5800000| Updating 
| 662|0x00000006a5800000, 0x00000006a5c00000, 0x00000006a5c00000|100%| O|  |TAMS 0x00000006a5c00000| PB 0x00000006a5c00000| Untracked 
| 663|0x00000006a5c00000, 0x00000006a6000000, 0x00000006a6000000|100%| O|  |TAMS 0x00000006a6000000| PB 0x00000006a6000000| Untracked 
| 664|0x00000006a6000000, 0x00000006a6400000, 0x00000006a6400000|100%| O|  |TAMS 0x00000006a6400000| PB 0x00000006a6400000| Untracked 
| 665|0x00000006a6400000, 0x00000006a6800000, 0x00000006a6800000|100%| O|  |TAMS 0x00000006a6800000| PB 0x00000006a6800000| Untracked 
| 666|0x00000006a6800000, 0x00000006a6c00000, 0x00000006a6c00000|100%| O|  |TAMS 0x00000006a6c00000| PB 0x00000006a6c00000| Untracked 
| 667|0x00000006a6c00000, 0x00000006a7000000, 0x00000006a7000000|100%| O|  |TAMS 0x00000006a7000000| PB 0x00000006a7000000| Untracked 
| 668|0x00000006a7000000, 0x00000006a7400000, 0x00000006a7400000|100%| O|  |TAMS 0x00000006a7400000| PB 0x00000006a7400000| Untracked 
| 669|0x00000006a7400000, 0x00000006a7800000, 0x00000006a7800000|100%| O|  |TAMS 0x00000006a7800000| PB 0x00000006a7800000| Untracked 
| 670|0x00000006a7800000, 0x00000006a7c00000, 0x00000006a7c00000|100%| O|  |TAMS 0x00000006a7c00000| PB 0x00000006a7c00000| Untracked 
| 671|0x00000006a7c00000, 0x00000006a8000000, 0x00000006a8000000|100%| O|  |TAMS 0x00000006a8000000| PB 0x00000006a8000000| Untracked 
| 672|0x00000006a8000000, 0x00000006a8400000, 0x00000006a8400000|100%| O|  |TAMS 0x00000006a8400000| PB 0x00000006a8400000| Untracked 
| 673|0x00000006a8400000, 0x00000006a8800000, 0x00000006a8800000|100%| O|  |TAMS 0x00000006a8800000| PB 0x00000006a8800000| Untracked 
| 674|0x00000006a8800000, 0x00000006a8c00000, 0x00000006a8c00000|100%| O|  |TAMS 0x00000006a8c00000| PB 0x00000006a8c00000| Untracked 
| 675|0x00000006a8c00000, 0x00000006a9000000, 0x00000006a9000000|100%| O|  |TAMS 0x00000006a9000000| PB 0x00000006a9000000| Untracked 
| 676|0x00000006a9000000, 0x00000006a9400000, 0x00000006a9400000|100%| O|  |TAMS 0x00000006a9400000| PB 0x00000006a9400000| Untracked 
| 677|0x00000006a9400000, 0x00000006a9800000, 0x00000006a9800000|100%| O|  |TAMS 0x00000006a9800000| PB 0x00000006a9800000| Untracked 
| 678|0x00000006a9800000, 0x00000006a9c00000, 0x00000006a9c00000|100%| O|  |TAMS 0x00000006a9c00000| PB 0x00000006a9c00000| Untracked 
| 679|0x00000006a9c00000, 0x00000006aa000000, 0x00000006aa000000|100%| O|  |TAMS 0x00000006aa000000| PB 0x00000006aa000000| Untracked 
| 680|0x00000006aa000000, 0x00000006aa400000, 0x00000006aa400000|100%| O|  |TAMS 0x00000006aa400000| PB 0x00000006aa400000| Untracked 
| 681|0x00000006aa400000, 0x00000006aa800000, 0x00000006aa800000|100%| O|  |TAMS 0x00000006aa800000| PB 0x00000006aa800000| Untracked 
| 682|0x00000006aa800000, 0x00000006aac00000, 0x00000006aac00000|100%| O|  |TAMS 0x00000006aac00000| PB 0x00000006aac00000| Untracked 
| 683|0x00000006aac00000, 0x00000006ab000000, 0x00000006ab000000|100%| O|  |TAMS 0x00000006ab000000| PB 0x00000006ab000000| Untracked 
| 684|0x00000006ab000000, 0x00000006ab400000, 0x00000006ab400000|100%| O|  |TAMS 0x00000006ab400000| PB 0x00000006ab400000| Untracked 
| 685|0x00000006ab400000, 0x00000006ab800000, 0x00000006ab800000|100%| O|  |TAMS 0x00000006ab800000| PB 0x00000006ab800000| Untracked 
| 686|0x00000006ab800000, 0x00000006abc00000, 0x00000006abc00000|100%| O|  |TAMS 0x00000006abc00000| PB 0x00000006abc00000| Untracked 
| 687|0x00000006abc00000, 0x00000006ac000000, 0x00000006ac000000|100%| O|  |TAMS 0x00000006ac000000| PB 0x00000006ac000000| Untracked 
| 688|0x00000006ac000000, 0x00000006ac400000, 0x00000006ac400000|100%| O|  |TAMS 0x00000006ac400000| PB 0x00000006ac400000| Untracked 
| 689|0x00000006ac400000, 0x00000006ac800000, 0x00000006ac800000|100%| O|  |TAMS 0x00000006ac800000| PB 0x00000006ac800000| Untracked 
| 690|0x00000006ac800000, 0x00000006acc00000, 0x00000006acc00000|100%| O|  |TAMS 0x00000006acc00000| PB 0x00000006acc00000| Updating 
| 691|0x00000006acc00000, 0x00000006ad000000, 0x00000006ad000000|100%| O|  |TAMS 0x00000006ad000000| PB 0x00000006ad000000| Untracked 
| 692|0x00000006ad000000, 0x00000006ad400000, 0x00000006ad400000|100%| O|  |TAMS 0x00000006ad400000| PB 0x00000006ad400000| Untracked 
| 693|0x00000006ad400000, 0x00000006ad800000, 0x00000006ad800000|100%| O|  |TAMS 0x00000006ad800000| PB 0x00000006ad800000| Untracked 
| 694|0x00000006ad800000, 0x00000006adc00000, 0x00000006adc00000|100%| O|  |TAMS 0x00000006adc00000| PB 0x00000006adc00000| Untracked 
| 695|0x00000006adc00000, 0x00000006ae000000, 0x00000006ae000000|100%| O|  |TAMS 0x00000006ae000000| PB 0x00000006ae000000| Untracked 
| 696|0x00000006ae000000, 0x00000006ae400000, 0x00000006ae400000|100%| O|  |TAMS 0x00000006ae400000| PB 0x00000006ae400000| Untracked 
| 697|0x00000006ae400000, 0x00000006ae800000, 0x00000006ae800000|100%| O|  |TAMS 0x00000006ae800000| PB 0x00000006ae800000| Updating 
| 698|0x00000006ae800000, 0x00000006aec00000, 0x00000006aec00000|100%| O|  |TAMS 0x00000006aec00000| PB 0x00000006aec00000| Updating 
| 699|0x00000006aec00000, 0x00000006af000000, 0x00000006af000000|100%| O|  |TAMS 0x00000006af000000| PB 0x00000006af000000| Updating 
| 700|0x00000006af000000, 0x00000006af400000, 0x00000006af400000|100%| O|  |TAMS 0x00000006af400000| PB 0x00000006af400000| Updating 
| 701|0x00000006af400000, 0x00000006af800000, 0x00000006af800000|100%| O|  |TAMS 0x00000006af800000| PB 0x00000006af800000| Untracked 
| 702|0x00000006af800000, 0x00000006afc00000, 0x00000006afc00000|100%| O|  |TAMS 0x00000006afc00000| PB 0x00000006afc00000| Untracked 
| 703|0x00000006afc00000, 0x00000006b0000000, 0x00000006b0000000|100%| O|  |TAMS 0x00000006b0000000| PB 0x00000006b0000000| Untracked 
| 704|0x00000006b0000000, 0x00000006b0400000, 0x00000006b0400000|100%| O|  |TAMS 0x00000006b0400000| PB 0x00000006b0400000| Untracked 
| 705|0x00000006b0400000, 0x00000006b0800000, 0x00000006b0800000|100%| O|  |TAMS 0x00000006b0800000| PB 0x00000006b0800000| Untracked 
| 706|0x00000006b0800000, 0x00000006b0c00000, 0x00000006b0c00000|100%| O|  |TAMS 0x00000006b0c00000| PB 0x00000006b0c00000| Untracked 
| 707|0x00000006b0c00000, 0x00000006b1000000, 0x00000006b1000000|100%| O|  |TAMS 0x00000006b1000000| PB 0x00000006b1000000| Untracked 
| 708|0x00000006b1000000, 0x00000006b1400000, 0x00000006b1400000|100%| O|  |TAMS 0x00000006b1400000| PB 0x00000006b1400000| Untracked 
| 709|0x00000006b1400000, 0x00000006b1800000, 0x00000006b1800000|100%| O|  |TAMS 0x00000006b1800000| PB 0x00000006b1800000| Untracked 
| 710|0x00000006b1800000, 0x00000006b1c00000, 0x00000006b1c00000|100%| O|  |TAMS 0x00000006b1c00000| PB 0x00000006b1c00000| Untracked 
| 711|0x00000006b1c00000, 0x00000006b2000000, 0x00000006b2000000|100%| O|  |TAMS 0x00000006b2000000| PB 0x00000006b2000000| Untracked 
| 712|0x00000006b2000000, 0x00000006b2400000, 0x00000006b2400000|100%| O|  |TAMS 0x00000006b2400000| PB 0x00000006b2400000| Untracked 
| 713|0x00000006b2400000, 0x00000006b2800000, 0x00000006b2800000|100%| O|  |TAMS 0x00000006b2800000| PB 0x00000006b2800000| Untracked 
| 714|0x00000006b2800000, 0x00000006b2c00000, 0x00000006b2c00000|100%| O|  |TAMS 0x00000006b2c00000| PB 0x00000006b2c00000| Untracked 
| 715|0x00000006b2c00000, 0x00000006b3000000, 0x00000006b3000000|100%| O|  |TAMS 0x00000006b3000000| PB 0x00000006b3000000| Untracked 
| 716|0x00000006b3000000, 0x00000006b3400000, 0x00000006b3400000|100%| O|  |TAMS 0x00000006b3400000| PB 0x00000006b3400000| Untracked 
| 717|0x00000006b3400000, 0x00000006b3800000, 0x00000006b3800000|100%| O|  |TAMS 0x00000006b3800000| PB 0x00000006b3800000| Untracked 
| 718|0x00000006b3800000, 0x00000006b3c00000, 0x00000006b3c00000|100%| O|  |TAMS 0x00000006b3c00000| PB 0x00000006b3c00000| Untracked 
| 719|0x00000006b3c00000, 0x00000006b4000000, 0x00000006b4000000|100%| O|  |TAMS 0x00000006b4000000| PB 0x00000006b4000000| Untracked 
| 720|0x00000006b4000000, 0x00000006b4400000, 0x00000006b4400000|100%| O|  |TAMS 0x00000006b4400000| PB 0x00000006b4400000| Untracked 
| 721|0x00000006b4400000, 0x00000006b4800000, 0x00000006b4800000|100%| O|  |TAMS 0x00000006b4800000| PB 0x00000006b4800000| Untracked 
| 722|0x00000006b4800000, 0x00000006b4c00000, 0x00000006b4c00000|100%| O|  |TAMS 0x00000006b4c00000| PB 0x00000006b4c00000| Untracked 
| 723|0x00000006b4c00000, 0x00000006b5000000, 0x00000006b5000000|100%| O|  |TAMS 0x00000006b5000000| PB 0x00000006b5000000| Untracked 
| 724|0x00000006b5000000, 0x00000006b5400000, 0x00000006b5400000|100%| O|  |TAMS 0x00000006b5400000| PB 0x00000006b5400000| Untracked 
| 725|0x00000006b5400000, 0x00000006b5800000, 0x00000006b5800000|100%| O|  |TAMS 0x00000006b5800000| PB 0x00000006b5800000| Untracked 
| 726|0x00000006b5800000, 0x00000006b5c00000, 0x00000006b5c00000|100%| O|  |TAMS 0x00000006b5c00000| PB 0x00000006b5c00000| Untracked 
| 727|0x00000006b5c00000, 0x00000006b6000000, 0x00000006b6000000|100%| O|  |TAMS 0x00000006b6000000| PB 0x00000006b6000000| Untracked 
| 728|0x00000006b6000000, 0x00000006b6400000, 0x00000006b6400000|100%| O|  |TAMS 0x00000006b6400000| PB 0x00000006b6400000| Untracked 
| 729|0x00000006b6400000, 0x00000006b6800000, 0x00000006b6800000|100%| O|  |TAMS 0x00000006b6800000| PB 0x00000006b6800000| Untracked 
| 730|0x00000006b6800000, 0x00000006b6c00000, 0x00000006b6c00000|100%| O|  |TAMS 0x00000006b6c00000| PB 0x00000006b6c00000| Updating 
| 731|0x00000006b6c00000, 0x00000006b7000000, 0x00000006b7000000|100%| O|  |TAMS 0x00000006b7000000| PB 0x00000006b7000000| Updating 
| 732|0x00000006b7000000, 0x00000006b7400000, 0x00000006b7400000|100%| O|  |TAMS 0x00000006b7400000| PB 0x00000006b7400000| Updating 
| 733|0x00000006b7400000, 0x00000006b7800000, 0x00000006b7800000|100%| O|  |TAMS 0x00000006b7800000| PB 0x00000006b7800000| Updating 
| 734|0x00000006b7800000, 0x00000006b7c00000, 0x00000006b7c00000|100%| O|  |TAMS 0x00000006b7c00000| PB 0x00000006b7c00000| Untracked 
| 735|0x00000006b7c00000, 0x00000006b8000000, 0x00000006b8000000|100%| O|  |TAMS 0x00000006b8000000| PB 0x00000006b8000000| Untracked 
| 736|0x00000006b8000000, 0x00000006b8400000, 0x00000006b8400000|100%| O|  |TAMS 0x00000006b8400000| PB 0x00000006b8400000| Untracked 
| 737|0x00000006b8400000, 0x00000006b8800000, 0x00000006b8800000|100%| O|  |TAMS 0x00000006b8800000| PB 0x00000006b8800000| Untracked 
| 738|0x00000006b8800000, 0x00000006b8c00000, 0x00000006b8c00000|100%| O|  |TAMS 0x00000006b8c00000| PB 0x00000006b8c00000| Untracked 
| 739|0x00000006b8c00000, 0x00000006b9000000, 0x00000006b9000000|100%| O|  |TAMS 0x00000006b9000000| PB 0x00000006b9000000| Untracked 
| 740|0x00000006b9000000, 0x00000006b9400000, 0x00000006b9400000|100%| O|  |TAMS 0x00000006b9400000| PB 0x00000006b9400000| Untracked 
| 741|0x00000006b9400000, 0x00000006b9800000, 0x00000006b9800000|100%| O|  |TAMS 0x00000006b9800000| PB 0x00000006b9800000| Untracked 
| 742|0x00000006b9800000, 0x00000006b9c00000, 0x00000006b9c00000|100%| O|  |TAMS 0x00000006b9c00000| PB 0x00000006b9c00000| Untracked 
| 743|0x00000006b9c00000, 0x00000006ba000000, 0x00000006ba000000|100%| O|  |TAMS 0x00000006ba000000| PB 0x00000006ba000000| Untracked 
| 744|0x00000006ba000000, 0x00000006ba400000, 0x00000006ba400000|100%| O|  |TAMS 0x00000006ba400000| PB 0x00000006ba400000| Untracked 
| 745|0x00000006ba400000, 0x00000006ba800000, 0x00000006ba800000|100%| O|  |TAMS 0x00000006ba800000| PB 0x00000006ba800000| Untracked 
| 746|0x00000006ba800000, 0x00000006bac00000, 0x00000006bac00000|100%| O|  |TAMS 0x00000006bac00000| PB 0x00000006bac00000| Untracked 
| 747|0x00000006bac00000, 0x00000006bb000000, 0x00000006bb000000|100%| O|  |TAMS 0x00000006bb000000| PB 0x00000006bb000000| Untracked 
| 748|0x00000006bb000000, 0x00000006bb400000, 0x00000006bb400000|100%| O|  |TAMS 0x00000006bb400000| PB 0x00000006bb400000| Untracked 
| 749|0x00000006bb400000, 0x00000006bb800000, 0x00000006bb800000|100%| O|  |TAMS 0x00000006bb800000| PB 0x00000006bb800000| Untracked 
| 750|0x00000006bb800000, 0x00000006bbc00000, 0x00000006bbc00000|100%| O|  |TAMS 0x00000006bbc00000| PB 0x00000006bbc00000| Untracked 
| 751|0x00000006bbc00000, 0x00000006bc000000, 0x00000006bc000000|100%| O|  |TAMS 0x00000006bc000000| PB 0x00000006bc000000| Untracked 
| 752|0x00000006bc000000, 0x00000006bc400000, 0x00000006bc400000|100%| O|  |TAMS 0x00000006bc400000| PB 0x00000006bc400000| Untracked 
| 753|0x00000006bc400000, 0x00000006bc800000, 0x00000006bc800000|100%| O|  |TAMS 0x00000006bc800000| PB 0x00000006bc800000| Untracked 
| 754|0x00000006bc800000, 0x00000006bcc00000, 0x00000006bcc00000|100%| O|  |TAMS 0x00000006bcc00000| PB 0x00000006bcc00000| Untracked 
| 755|0x00000006bcc00000, 0x00000006bd000000, 0x00000006bd000000|100%| O|  |TAMS 0x00000006bd000000| PB 0x00000006bd000000| Untracked 
| 756|0x00000006bd000000, 0x00000006bd400000, 0x00000006bd400000|100%| O|  |TAMS 0x00000006bd400000| PB 0x00000006bd400000| Untracked 
| 757|0x00000006bd400000, 0x00000006bd800000, 0x00000006bd800000|100%| O|  |TAMS 0x00000006bd800000| PB 0x00000006bd800000| Untracked 
| 758|0x00000006bd800000, 0x00000006bdc00000, 0x00000006bdc00000|100%| O|  |TAMS 0x00000006bdc00000| PB 0x00000006bdc00000| Untracked 
| 759|0x00000006bdc00000, 0x00000006be000000, 0x00000006be000000|100%| O|  |TAMS 0x00000006be000000| PB 0x00000006be000000| Untracked 
| 760|0x00000006be000000, 0x00000006be400000, 0x00000006be400000|100%| O|  |TAMS 0x00000006be400000| PB 0x00000006be400000| Untracked 
| 761|0x00000006be400000, 0x00000006be800000, 0x00000006be800000|100%| O|  |TAMS 0x00000006be800000| PB 0x00000006be800000| Untracked 
| 762|0x00000006be800000, 0x00000006bec00000, 0x00000006bec00000|100%| O|  |TAMS 0x00000006bec00000| PB 0x00000006bec00000| Untracked 
| 763|0x00000006bec00000, 0x00000006bf000000, 0x00000006bf000000|100%| O|  |TAMS 0x00000006bf000000| PB 0x00000006bf000000| Untracked 
| 764|0x00000006bf000000, 0x00000006bf400000, 0x00000006bf400000|100%| O|  |TAMS 0x00000006bf400000| PB 0x00000006bf400000| Updating 
| 765|0x00000006bf400000, 0x00000006bf800000, 0x00000006bf800000|100%| O|  |TAMS 0x00000006bf800000| PB 0x00000006bf800000| Updating 
| 766|0x00000006bf800000, 0x00000006bfc00000, 0x00000006bfc00000|100%| O|  |TAMS 0x00000006bfc00000| PB 0x00000006bfc00000| Updating 
| 767|0x00000006bfc00000, 0x00000006c0000000, 0x00000006c0000000|100%| O|  |TAMS 0x00000006c0000000| PB 0x00000006c0000000| Updating 
| 768|0x00000006c0000000, 0x00000006c0400000, 0x00000006c0400000|100%| O|  |TAMS 0x00000006c0400000| PB 0x00000006c0400000| Untracked 
| 769|0x00000006c0400000, 0x00000006c0800000, 0x00000006c0800000|100%| O|  |TAMS 0x00000006c0800000| PB 0x00000006c0800000| Untracked 
| 770|0x00000006c0800000, 0x00000006c0c00000, 0x00000006c0c00000|100%| O|  |TAMS 0x00000006c0c00000| PB 0x00000006c0c00000| Untracked 
| 771|0x00000006c0c00000, 0x00000006c1000000, 0x00000006c1000000|100%| O|  |TAMS 0x00000006c1000000| PB 0x00000006c1000000| Untracked 
| 772|0x00000006c1000000, 0x00000006c1400000, 0x00000006c1400000|100%| O|  |TAMS 0x00000006c1400000| PB 0x00000006c1400000| Untracked 
| 773|0x00000006c1400000, 0x00000006c1800000, 0x00000006c1800000|100%| O|  |TAMS 0x00000006c1800000| PB 0x00000006c1800000| Untracked 
| 774|0x00000006c1800000, 0x00000006c1c00000, 0x00000006c1c00000|100%| O|  |TAMS 0x00000006c1c00000| PB 0x00000006c1c00000| Untracked 
| 775|0x00000006c1c00000, 0x00000006c2000000, 0x00000006c2000000|100%| O|  |TAMS 0x00000006c2000000| PB 0x00000006c2000000| Untracked 
| 776|0x00000006c2000000, 0x00000006c2400000, 0x00000006c2400000|100%| O|  |TAMS 0x00000006c2400000| PB 0x00000006c2400000| Untracked 
| 777|0x00000006c2400000, 0x00000006c2800000, 0x00000006c2800000|100%| O|  |TAMS 0x00000006c2800000| PB 0x00000006c2800000| Untracked 
| 778|0x00000006c2800000, 0x00000006c2c00000, 0x00000006c2c00000|100%| O|  |TAMS 0x00000006c2c00000| PB 0x00000006c2c00000| Untracked 
| 779|0x00000006c2c00000, 0x00000006c3000000, 0x00000006c3000000|100%| O|  |TAMS 0x00000006c3000000| PB 0x00000006c3000000| Untracked 
| 780|0x00000006c3000000, 0x00000006c3400000, 0x00000006c3400000|100%| O|  |TAMS 0x00000006c3400000| PB 0x00000006c3400000| Untracked 
| 781|0x00000006c3400000, 0x00000006c3800000, 0x00000006c3800000|100%| O|  |TAMS 0x00000006c3400000| PB 0x00000006c3400000| Untracked 
| 782|0x00000006c3800000, 0x00000006c3c00000, 0x00000006c3c00000|100%| O|  |TAMS 0x00000006c3800000| PB 0x00000006c3800000| Untracked 
| 783|0x00000006c3c00000, 0x00000006c4000000, 0x00000006c4000000|100%| O|  |TAMS 0x00000006c3c00000| PB 0x00000006c3c00000| Untracked 
| 784|0x00000006c4000000, 0x00000006c4400000, 0x00000006c4400000|100%| O|  |TAMS 0x00000006c4000000| PB 0x00000006c4000000| Untracked 
| 785|0x00000006c4400000, 0x00000006c4400000, 0x00000006c4800000|  0%| F|  |TAMS 0x00000006c4400000| PB 0x00000006c4400000| Untracked 
| 786|0x00000006c4800000, 0x00000006c4800000, 0x00000006c4c00000|  0%| F|  |TAMS 0x00000006c4800000| PB 0x00000006c4800000| Untracked 
| 787|0x00000006c4c00000, 0x00000006c4c00000, 0x00000006c5000000|  0%| F|  |TAMS 0x00000006c4c00000| PB 0x00000006c4c00000| Untracked 
| 788|0x00000006c5000000, 0x00000006c5400000, 0x00000006c5400000|100%| O|  |TAMS 0x00000006c5000000| PB 0x00000006c5000000| Untracked 
| 789|0x00000006c5400000, 0x00000006c5800000, 0x00000006c5800000|100%| S|CS|TAMS 0x00000006c5400000| PB 0x00000006c5400000| Complete 
| 790|0x00000006c5800000, 0x00000006c5c00000, 0x00000006c5c00000|100%| S|CS|TAMS 0x00000006c5800000| PB 0x00000006c5800000| Complete 
| 791|0x00000006c5c00000, 0x00000006c6000000, 0x00000006c6000000|100%| S|CS|TAMS 0x00000006c5c00000| PB 0x00000006c5c00000| Complete 
| 792|0x00000006c6000000, 0x00000006c6000000, 0x00000006c6400000|  0%| F|  |TAMS 0x00000006c6000000| PB 0x00000006c6000000| Untracked 
| 793|0x00000006c6400000, 0x00000006c6400000, 0x00000006c6800000|  0%| F|  |TAMS 0x00000006c6400000| PB 0x00000006c6400000| Untracked 
| 794|0x00000006c6800000, 0x00000006c6800000, 0x00000006c6c00000|  0%| F|  |TAMS 0x00000006c6800000| PB 0x00000006c6800000| Untracked 
| 795|0x00000006c6c00000, 0x00000006c6c00000, 0x00000006c7000000|  0%| F|  |TAMS 0x00000006c6c00000| PB 0x00000006c6c00000| Untracked 
| 796|0x00000006c7000000, 0x00000006c7000000, 0x00000006c7400000|  0%| F|  |TAMS 0x00000006c7000000| PB 0x00000006c7000000| Untracked 
| 797|0x00000006c7400000, 0x00000006c7400000, 0x00000006c7800000|  0%| F|  |TAMS 0x00000006c7400000| PB 0x00000006c7400000| Untracked 
| 798|0x00000006c7800000, 0x00000006c7800000, 0x00000006c7c00000|  0%| F|  |TAMS 0x00000006c7800000| PB 0x00000006c7800000| Untracked 
| 799|0x00000006c7c00000, 0x00000006c7c00000, 0x00000006c8000000|  0%| F|  |TAMS 0x00000006c7c00000| PB 0x00000006c7c00000| Untracked 
| 800|0x00000006c8000000, 0x00000006c8000000, 0x00000006c8400000|  0%| F|  |TAMS 0x00000006c8000000| PB 0x00000006c8000000| Untracked 
| 801|0x00000006c8400000, 0x00000006c8400000, 0x00000006c8800000|  0%| F|  |TAMS 0x00000006c8400000| PB 0x00000006c8400000| Untracked 
| 802|0x00000006c8800000, 0x00000006c8800000, 0x00000006c8c00000|  0%| F|  |TAMS 0x00000006c8800000| PB 0x00000006c8800000| Untracked 
| 803|0x00000006c8c00000, 0x00000006c8c00000, 0x00000006c9000000|  0%| F|  |TAMS 0x00000006c8c00000| PB 0x00000006c8c00000| Untracked 
| 804|0x00000006c9000000, 0x00000006c9000000, 0x00000006c9400000|  0%| F|  |TAMS 0x00000006c9000000| PB 0x00000006c9000000| Untracked 
| 805|0x00000006c9400000, 0x00000006c9400000, 0x00000006c9800000|  0%| F|  |TAMS 0x00000006c9400000| PB 0x00000006c9400000| Untracked 
| 806|0x00000006c9800000, 0x00000006c9800000, 0x00000006c9c00000|  0%| F|  |TAMS 0x00000006c9800000| PB 0x00000006c9800000| Untracked 
| 807|0x00000006c9c00000, 0x00000006c9c00000, 0x00000006ca000000|  0%| F|  |TAMS 0x00000006c9c00000| PB 0x00000006c9c00000| Untracked 
| 808|0x00000006ca000000, 0x00000006ca000000, 0x00000006ca400000|  0%| F|  |TAMS 0x00000006ca000000| PB 0x00000006ca000000| Untracked 
| 809|0x00000006ca400000, 0x00000006ca400000, 0x00000006ca800000|  0%| F|  |TAMS 0x00000006ca400000| PB 0x00000006ca400000| Untracked 
| 810|0x00000006ca800000, 0x00000006ca800000, 0x00000006cac00000|  0%| F|  |TAMS 0x00000006ca800000| PB 0x00000006ca800000| Untracked 
| 811|0x00000006cac00000, 0x00000006cac00000, 0x00000006cb000000|  0%| F|  |TAMS 0x00000006cac00000| PB 0x00000006cac00000| Untracked 
| 812|0x00000006cb000000, 0x00000006cb000000, 0x00000006cb400000|  0%| F|  |TAMS 0x00000006cb000000| PB 0x00000006cb000000| Untracked 
| 813|0x00000006cb400000, 0x00000006cb400000, 0x00000006cb800000|  0%| F|  |TAMS 0x00000006cb400000| PB 0x00000006cb400000| Untracked 
| 814|0x00000006cb800000, 0x00000006cb800000, 0x00000006cbc00000|  0%| F|  |TAMS 0x00000006cb800000| PB 0x00000006cb800000| Untracked 
| 815|0x00000006cbc00000, 0x00000006cbc00000, 0x00000006cc000000|  0%| F|  |TAMS 0x00000006cbc00000| PB 0x00000006cbc00000| Untracked 
| 816|0x00000006cc000000, 0x00000006cc000000, 0x00000006cc400000|  0%| F|  |TAMS 0x00000006cc000000| PB 0x00000006cc000000| Untracked 
| 817|0x00000006cc400000, 0x00000006cc400000, 0x00000006cc800000|  0%| F|  |TAMS 0x00000006cc400000| PB 0x00000006cc400000| Untracked 
| 818|0x00000006cc800000, 0x00000006cc800000, 0x00000006ccc00000|  0%| F|  |TAMS 0x00000006cc800000| PB 0x00000006cc800000| Untracked 
| 819|0x00000006ccc00000, 0x00000006ccc00000, 0x00000006cd000000|  0%| F|  |TAMS 0x00000006ccc00000| PB 0x00000006ccc00000| Untracked 
| 820|0x00000006cd000000, 0x00000006cd000000, 0x00000006cd400000|  0%| F|  |TAMS 0x00000006cd000000| PB 0x00000006cd000000| Untracked 
| 821|0x00000006cd400000, 0x00000006cd400000, 0x00000006cd800000|  0%| F|  |TAMS 0x00000006cd400000| PB 0x00000006cd400000| Untracked 
| 822|0x00000006cd800000, 0x00000006cd800000, 0x00000006cdc00000|  0%| F|  |TAMS 0x00000006cd800000| PB 0x00000006cd800000| Untracked 
| 823|0x00000006cdc00000, 0x00000006cdc00000, 0x00000006ce000000|  0%| F|  |TAMS 0x00000006cdc00000| PB 0x00000006cdc00000| Untracked 
| 824|0x00000006ce000000, 0x00000006ce000000, 0x00000006ce400000|  0%| F|  |TAMS 0x00000006ce000000| PB 0x00000006ce000000| Untracked 
| 825|0x00000006ce400000, 0x00000006ce400000, 0x00000006ce800000|  0%| F|  |TAMS 0x00000006ce400000| PB 0x00000006ce400000| Untracked 
| 826|0x00000006ce800000, 0x00000006ce800000, 0x00000006cec00000|  0%| F|  |TAMS 0x00000006ce800000| PB 0x00000006ce800000| Untracked 
| 827|0x00000006cec00000, 0x00000006cec00000, 0x00000006cf000000|  0%| F|  |TAMS 0x00000006cec00000| PB 0x00000006cec00000| Untracked 
| 828|0x00000006cf000000, 0x00000006cf000000, 0x00000006cf400000|  0%| F|  |TAMS 0x00000006cf000000| PB 0x00000006cf000000| Untracked 
| 829|0x00000006cf400000, 0x00000006cf400000, 0x00000006cf800000|  0%| F|  |TAMS 0x00000006cf400000| PB 0x00000006cf400000| Untracked 
| 830|0x00000006cf800000, 0x00000006cfc00000, 0x00000006cfc00000|100%| S|CS|TAMS 0x00000006cf800000| PB 0x00000006cf800000| Complete 
| 831|0x00000006cfc00000, 0x00000006d0000000, 0x00000006d0000000|100%| S|CS|TAMS 0x00000006cfc00000| PB 0x00000006cfc00000| Complete 
| 832|0x00000006d0000000, 0x00000006d0400000, 0x00000006d0400000|100%| S|CS|TAMS 0x00000006d0000000| PB 0x00000006d0000000| Complete 
| 833|0x00000006d0400000, 0x00000006d0400000, 0x00000006d0800000|  0%| F|  |TAMS 0x00000006d0400000| PB 0x00000006d0400000| Untracked 
| 834|0x00000006d0800000, 0x00000006d0800000, 0x00000006d0c00000|  0%| F|  |TAMS 0x00000006d0800000| PB 0x00000006d0800000| Untracked 
| 835|0x00000006d0c00000, 0x00000006d0c00000, 0x00000006d1000000|  0%| F|  |TAMS 0x00000006d0c00000| PB 0x00000006d0c00000| Untracked 
| 836|0x00000006d1000000, 0x00000006d1000000, 0x00000006d1400000|  0%| F|  |TAMS 0x00000006d1000000| PB 0x00000006d1000000| Untracked 
| 837|0x00000006d1400000, 0x00000006d1400000, 0x00000006d1800000|  0%| F|  |TAMS 0x00000006d1400000| PB 0x00000006d1400000| Untracked 
| 838|0x00000006d1800000, 0x00000006d1800000, 0x00000006d1c00000|  0%| F|  |TAMS 0x00000006d1800000| PB 0x00000006d1800000| Untracked 
| 839|0x00000006d1c00000, 0x00000006d1c00000, 0x00000006d2000000|  0%| F|  |TAMS 0x00000006d1c00000| PB 0x00000006d1c00000| Untracked 
| 840|0x00000006d2000000, 0x00000006d2000000, 0x00000006d2400000|  0%| F|  |TAMS 0x00000006d2000000| PB 0x00000006d2000000| Untracked 
| 841|0x00000006d2400000, 0x00000006d2400000, 0x00000006d2800000|  0%| F|  |TAMS 0x00000006d2400000| PB 0x00000006d2400000| Untracked 
| 842|0x00000006d2800000, 0x00000006d2800000, 0x00000006d2c00000|  0%| F|  |TAMS 0x00000006d2800000| PB 0x00000006d2800000| Untracked 
| 843|0x00000006d2c00000, 0x00000006d2c00000, 0x00000006d3000000|  0%| F|  |TAMS 0x00000006d2c00000| PB 0x00000006d2c00000| Untracked 
| 844|0x00000006d3000000, 0x00000006d3000000, 0x00000006d3400000|  0%| F|  |TAMS 0x00000006d3000000| PB 0x00000006d3000000| Untracked 
| 845|0x00000006d3400000, 0x00000006d3400000, 0x00000006d3800000|  0%| F|  |TAMS 0x00000006d3400000| PB 0x00000006d3400000| Untracked 
| 846|0x00000006d3800000, 0x00000006d3800000, 0x00000006d3c00000|  0%| F|  |TAMS 0x00000006d3800000| PB 0x00000006d3800000| Untracked 
| 847|0x00000006d3c00000, 0x00000006d3c00000, 0x00000006d4000000|  0%| F|  |TAMS 0x00000006d3c00000| PB 0x00000006d3c00000| Untracked 
| 848|0x00000006d4000000, 0x00000006d4000000, 0x00000006d4400000|  0%| F|  |TAMS 0x00000006d4000000| PB 0x00000006d4000000| Untracked 
| 849|0x00000006d4400000, 0x00000006d4400000, 0x00000006d4800000|  0%| F|  |TAMS 0x00000006d4400000| PB 0x00000006d4400000| Untracked 
| 850|0x00000006d4800000, 0x00000006d4800000, 0x00000006d4c00000|  0%| F|  |TAMS 0x00000006d4800000| PB 0x00000006d4800000| Untracked 
| 851|0x00000006d4c00000, 0x00000006d4c00000, 0x00000006d5000000|  0%| F|  |TAMS 0x00000006d4c00000| PB 0x00000006d4c00000| Untracked 
| 852|0x00000006d5000000, 0x00000006d5000000, 0x00000006d5400000|  0%| F|  |TAMS 0x00000006d5000000| PB 0x00000006d5000000| Untracked 
| 853|0x00000006d5400000, 0x00000006d5400000, 0x00000006d5800000|  0%| F|  |TAMS 0x00000006d5400000| PB 0x00000006d5400000| Untracked 
| 854|0x00000006d5800000, 0x00000006d5800000, 0x00000006d5c00000|  0%| F|  |TAMS 0x00000006d5800000| PB 0x00000006d5800000| Untracked 
| 855|0x00000006d5c00000, 0x00000006d5c00000, 0x00000006d6000000|  0%| F|  |TAMS 0x00000006d5c00000| PB 0x00000006d5c00000| Untracked 
| 856|0x00000006d6000000, 0x00000006d6000000, 0x00000006d6400000|  0%| F|  |TAMS 0x00000006d6000000| PB 0x00000006d6000000| Untracked 
| 857|0x00000006d6400000, 0x00000006d6400000, 0x00000006d6800000|  0%| F|  |TAMS 0x00000006d6400000| PB 0x00000006d6400000| Untracked 
| 858|0x00000006d6800000, 0x00000006d6800000, 0x00000006d6c00000|  0%| F|  |TAMS 0x00000006d6800000| PB 0x00000006d6800000| Untracked 
| 859|0x00000006d6c00000, 0x00000006d6c00000, 0x00000006d7000000|  0%| F|  |TAMS 0x00000006d6c00000| PB 0x00000006d6c00000| Untracked 
| 860|0x00000006d7000000, 0x00000006d7000000, 0x00000006d7400000|  0%| F|  |TAMS 0x00000006d7000000| PB 0x00000006d7000000| Untracked 
| 861|0x00000006d7400000, 0x00000006d7400000, 0x00000006d7800000|  0%| F|  |TAMS 0x00000006d7400000| PB 0x00000006d7400000| Untracked 
| 862|0x00000006d7800000, 0x00000006d7800000, 0x00000006d7c00000|  0%| F|  |TAMS 0x00000006d7800000| PB 0x00000006d7800000| Untracked 
| 863|0x00000006d7c00000, 0x00000006d7c00000, 0x00000006d8000000|  0%| F|  |TAMS 0x00000006d7c00000| PB 0x00000006d7c00000| Untracked 
| 864|0x00000006d8000000, 0x00000006d8000000, 0x00000006d8400000|  0%| F|  |TAMS 0x00000006d8000000| PB 0x00000006d8000000| Untracked 
| 865|0x00000006d8400000, 0x00000006d8400000, 0x00000006d8800000|  0%| F|  |TAMS 0x00000006d8400000| PB 0x00000006d8400000| Untracked 
| 866|0x00000006d8800000, 0x00000006d8800000, 0x00000006d8c00000|  0%| F|  |TAMS 0x00000006d8800000| PB 0x00000006d8800000| Untracked 
| 867|0x00000006d8c00000, 0x00000006d8c00000, 0x00000006d9000000|  0%| F|  |TAMS 0x00000006d8c00000| PB 0x00000006d8c00000| Untracked 
| 868|0x00000006d9000000, 0x00000006d9000000, 0x00000006d9400000|  0%| F|  |TAMS 0x00000006d9000000| PB 0x00000006d9000000| Untracked 
| 869|0x00000006d9400000, 0x00000006d9400000, 0x00000006d9800000|  0%| F|  |TAMS 0x00000006d9400000| PB 0x00000006d9400000| Untracked 
| 870|0x00000006d9800000, 0x00000006d9800000, 0x00000006d9c00000|  0%| F|  |TAMS 0x00000006d9800000| PB 0x00000006d9800000| Untracked 
| 871|0x00000006d9c00000, 0x00000006d9c00000, 0x00000006da000000|  0%| F|  |TAMS 0x00000006d9c00000| PB 0x00000006d9c00000| Untracked 
| 872|0x00000006da000000, 0x00000006da000000, 0x00000006da400000|  0%| F|  |TAMS 0x00000006da000000| PB 0x00000006da000000| Untracked 
| 873|0x00000006da400000, 0x00000006da400000, 0x00000006da800000|  0%| F|  |TAMS 0x00000006da400000| PB 0x00000006da400000| Untracked 
| 874|0x00000006da800000, 0x00000006da800000, 0x00000006dac00000|  0%| F|  |TAMS 0x00000006da800000| PB 0x00000006da800000| Untracked 
| 875|0x00000006dac00000, 0x00000006dac00000, 0x00000006db000000|  0%| F|  |TAMS 0x00000006dac00000| PB 0x00000006dac00000| Untracked 
| 876|0x00000006db000000, 0x00000006db000000, 0x00000006db400000|  0%| F|  |TAMS 0x00000006db000000| PB 0x00000006db000000| Untracked 
| 877|0x00000006db400000, 0x00000006db400000, 0x00000006db800000|  0%| F|  |TAMS 0x00000006db400000| PB 0x00000006db400000| Untracked 
| 878|0x00000006db800000, 0x00000006db800000, 0x00000006dbc00000|  0%| F|  |TAMS 0x00000006db800000| PB 0x00000006db800000| Untracked 
| 879|0x00000006dbc00000, 0x00000006dbc00000, 0x00000006dc000000|  0%| F|  |TAMS 0x00000006dbc00000| PB 0x00000006dbc00000| Untracked 
| 880|0x00000006dc000000, 0x00000006dc000000, 0x00000006dc400000|  0%| F|  |TAMS 0x00000006dc000000| PB 0x00000006dc000000| Untracked 
| 881|0x00000006dc400000, 0x00000006dc400000, 0x00000006dc800000|  0%| F|  |TAMS 0x00000006dc400000| PB 0x00000006dc400000| Untracked 
| 882|0x00000006dc800000, 0x00000006dc800000, 0x00000006dcc00000|  0%| F|  |TAMS 0x00000006dc800000| PB 0x00000006dc800000| Untracked 
| 883|0x00000006dcc00000, 0x00000006dcc00000, 0x00000006dd000000|  0%| F|  |TAMS 0x00000006dcc00000| PB 0x00000006dcc00000| Untracked 
| 884|0x00000006dd000000, 0x00000006dd000000, 0x00000006dd400000|  0%| F|  |TAMS 0x00000006dd000000| PB 0x00000006dd000000| Untracked 
| 885|0x00000006dd400000, 0x00000006dd400000, 0x00000006dd800000|  0%| F|  |TAMS 0x00000006dd400000| PB 0x00000006dd400000| Untracked 
| 886|0x00000006dd800000, 0x00000006dd800000, 0x00000006ddc00000|  0%| F|  |TAMS 0x00000006dd800000| PB 0x00000006dd800000| Untracked 
| 887|0x00000006ddc00000, 0x00000006ddc00000, 0x00000006de000000|  0%| F|  |TAMS 0x00000006ddc00000| PB 0x00000006ddc00000| Untracked 
| 888|0x00000006de000000, 0x00000006de000000, 0x00000006de400000|  0%| F|  |TAMS 0x00000006de000000| PB 0x00000006de000000| Untracked 
| 889|0x00000006de400000, 0x00000006de400000, 0x00000006de800000|  0%| F|  |TAMS 0x00000006de400000| PB 0x00000006de400000| Untracked 
| 890|0x00000006de800000, 0x00000006de800000, 0x00000006dec00000|  0%| F|  |TAMS 0x00000006de800000| PB 0x00000006de800000| Untracked 
| 891|0x00000006dec00000, 0x00000006dec00000, 0x00000006df000000|  0%| F|  |TAMS 0x00000006dec00000| PB 0x00000006dec00000| Untracked 
| 892|0x00000006df000000, 0x00000006df000000, 0x00000006df400000|  0%| F|  |TAMS 0x00000006df000000| PB 0x00000006df000000| Untracked 
| 893|0x00000006df400000, 0x00000006df400000, 0x00000006df800000|  0%| F|  |TAMS 0x00000006df400000| PB 0x00000006df400000| Untracked 
| 894|0x00000006df800000, 0x00000006df800000, 0x00000006dfc00000|  0%| F|  |TAMS 0x00000006df800000| PB 0x00000006df800000| Untracked 
| 895|0x00000006dfc00000, 0x00000006dfc00000, 0x00000006e0000000|  0%| F|  |TAMS 0x00000006dfc00000| PB 0x00000006dfc00000| Untracked 
| 896|0x00000006e0000000, 0x00000006e0000000, 0x00000006e0400000|  0%| F|  |TAMS 0x00000006e0000000| PB 0x00000006e0000000| Untracked 
| 897|0x00000006e0400000, 0x00000006e0400000, 0x00000006e0800000|  0%| F|  |TAMS 0x00000006e0400000| PB 0x00000006e0400000| Untracked 
| 898|0x00000006e0800000, 0x00000006e0800000, 0x00000006e0c00000|  0%| F|  |TAMS 0x00000006e0800000| PB 0x00000006e0800000| Untracked 
| 899|0x00000006e0c00000, 0x00000006e0c00000, 0x00000006e1000000|  0%| F|  |TAMS 0x00000006e0c00000| PB 0x00000006e0c00000| Untracked 
| 900|0x00000006e1000000, 0x00000006e1000000, 0x00000006e1400000|  0%| F|  |TAMS 0x00000006e1000000| PB 0x00000006e1000000| Untracked 
| 901|0x00000006e1400000, 0x00000006e1400000, 0x00000006e1800000|  0%| F|  |TAMS 0x00000006e1400000| PB 0x00000006e1400000| Untracked 
| 902|0x00000006e1800000, 0x00000006e1800000, 0x00000006e1c00000|  0%| F|  |TAMS 0x00000006e1800000| PB 0x00000006e1800000| Untracked 
| 903|0x00000006e1c00000, 0x00000006e1c00000, 0x00000006e2000000|  0%| F|  |TAMS 0x00000006e1c00000| PB 0x00000006e1c00000| Untracked 
| 904|0x00000006e2000000, 0x00000006e2000000, 0x00000006e2400000|  0%| F|  |TAMS 0x00000006e2000000| PB 0x00000006e2000000| Untracked 
| 905|0x00000006e2400000, 0x00000006e2400000, 0x00000006e2800000|  0%| F|  |TAMS 0x00000006e2400000| PB 0x00000006e2400000| Untracked 
| 906|0x00000006e2800000, 0x00000006e2800000, 0x00000006e2c00000|  0%| F|  |TAMS 0x00000006e2800000| PB 0x00000006e2800000| Untracked 
| 907|0x00000006e2c00000, 0x00000006e2c00000, 0x00000006e3000000|  0%| F|  |TAMS 0x00000006e2c00000| PB 0x00000006e2c00000| Untracked 
| 908|0x00000006e3000000, 0x00000006e3000000, 0x00000006e3400000|  0%| F|  |TAMS 0x00000006e3000000| PB 0x00000006e3000000| Untracked 
| 909|0x00000006e3400000, 0x00000006e3400000, 0x00000006e3800000|  0%| F|  |TAMS 0x00000006e3400000| PB 0x00000006e3400000| Untracked 
| 910|0x00000006e3800000, 0x00000006e3800000, 0x00000006e3c00000|  0%| F|  |TAMS 0x00000006e3800000| PB 0x00000006e3800000| Untracked 
| 911|0x00000006e3c00000, 0x00000006e3c00000, 0x00000006e4000000|  0%| F|  |TAMS 0x00000006e3c00000| PB 0x00000006e3c00000| Untracked 
| 912|0x00000006e4000000, 0x00000006e4000000, 0x00000006e4400000|  0%| F|  |TAMS 0x00000006e4000000| PB 0x00000006e4000000| Untracked 
| 913|0x00000006e4400000, 0x00000006e4400000, 0x00000006e4800000|  0%| F|  |TAMS 0x00000006e4400000| PB 0x00000006e4400000| Untracked 
| 914|0x00000006e4800000, 0x00000006e4800000, 0x00000006e4c00000|  0%| F|  |TAMS 0x00000006e4800000| PB 0x00000006e4800000| Untracked 
| 915|0x00000006e4c00000, 0x00000006e4c00000, 0x00000006e5000000|  0%| F|  |TAMS 0x00000006e4c00000| PB 0x00000006e4c00000| Untracked 
| 916|0x00000006e5000000, 0x00000006e5000000, 0x00000006e5400000|  0%| F|  |TAMS 0x00000006e5000000| PB 0x00000006e5000000| Untracked 
| 917|0x00000006e5400000, 0x00000006e5400000, 0x00000006e5800000|  0%| F|  |TAMS 0x00000006e5400000| PB 0x00000006e5400000| Untracked 
| 918|0x00000006e5800000, 0x00000006e5800000, 0x00000006e5c00000|  0%| F|  |TAMS 0x00000006e5800000| PB 0x00000006e5800000| Untracked 
| 919|0x00000006e5c00000, 0x00000006e5c00000, 0x00000006e6000000|  0%| F|  |TAMS 0x00000006e5c00000| PB 0x00000006e5c00000| Untracked 
| 920|0x00000006e6000000, 0x00000006e6000000, 0x00000006e6400000|  0%| F|  |TAMS 0x00000006e6000000| PB 0x00000006e6000000| Untracked 
| 921|0x00000006e6400000, 0x00000006e6400000, 0x00000006e6800000|  0%| F|  |TAMS 0x00000006e6400000| PB 0x00000006e6400000| Untracked 
| 922|0x00000006e6800000, 0x00000006e6800000, 0x00000006e6c00000|  0%| F|  |TAMS 0x00000006e6800000| PB 0x00000006e6800000| Untracked 
| 923|0x00000006e6c00000, 0x00000006e6c00000, 0x00000006e7000000|  0%| F|  |TAMS 0x00000006e6c00000| PB 0x00000006e6c00000| Untracked 
| 924|0x00000006e7000000, 0x00000006e7000000, 0x00000006e7400000|  0%| F|  |TAMS 0x00000006e7000000| PB 0x00000006e7000000| Untracked 
| 925|0x00000006e7400000, 0x00000006e7400000, 0x00000006e7800000|  0%| F|  |TAMS 0x00000006e7400000| PB 0x00000006e7400000| Untracked 
| 926|0x00000006e7800000, 0x00000006e7800000, 0x00000006e7c00000|  0%| F|  |TAMS 0x00000006e7800000| PB 0x00000006e7800000| Untracked 
| 927|0x00000006e7c00000, 0x00000006e7c00000, 0x00000006e8000000|  0%| F|  |TAMS 0x00000006e7c00000| PB 0x00000006e7c00000| Untracked 
| 928|0x00000006e8000000, 0x00000006e8000000, 0x00000006e8400000|  0%| F|  |TAMS 0x00000006e8000000| PB 0x00000006e8000000| Untracked 
| 929|0x00000006e8400000, 0x00000006e8400000, 0x00000006e8800000|  0%| F|  |TAMS 0x00000006e8400000| PB 0x00000006e8400000| Untracked 
| 930|0x00000006e8800000, 0x00000006e8800000, 0x00000006e8c00000|  0%| F|  |TAMS 0x00000006e8800000| PB 0x00000006e8800000| Untracked 
| 931|0x00000006e8c00000, 0x00000006e8c00000, 0x00000006e9000000|  0%| F|  |TAMS 0x00000006e8c00000| PB 0x00000006e8c00000| Untracked 
| 932|0x00000006e9000000, 0x00000006e9000000, 0x00000006e9400000|  0%| F|  |TAMS 0x00000006e9000000| PB 0x00000006e9000000| Untracked 
| 933|0x00000006e9400000, 0x00000006e9400000, 0x00000006e9800000|  0%| F|  |TAMS 0x00000006e9400000| PB 0x00000006e9400000| Untracked 
| 934|0x00000006e9800000, 0x00000006e9800000, 0x00000006e9c00000|  0%| F|  |TAMS 0x00000006e9800000| PB 0x00000006e9800000| Untracked 
| 935|0x00000006e9c00000, 0x00000006e9c00000, 0x00000006ea000000|  0%| F|  |TAMS 0x00000006e9c00000| PB 0x00000006e9c00000| Untracked 
| 936|0x00000006ea000000, 0x00000006ea000000, 0x00000006ea400000|  0%| F|  |TAMS 0x00000006ea000000| PB 0x00000006ea000000| Untracked 
| 937|0x00000006ea400000, 0x00000006ea400000, 0x00000006ea800000|  0%| F|  |TAMS 0x00000006ea400000| PB 0x00000006ea400000| Untracked 
| 938|0x00000006ea800000, 0x00000006ea800000, 0x00000006eac00000|  0%| F|  |TAMS 0x00000006ea800000| PB 0x00000006ea800000| Untracked 
| 939|0x00000006eac00000, 0x00000006eac00000, 0x00000006eb000000|  0%| F|  |TAMS 0x00000006eac00000| PB 0x00000006eac00000| Untracked 
| 940|0x00000006eb000000, 0x00000006eb000000, 0x00000006eb400000|  0%| F|  |TAMS 0x00000006eb000000| PB 0x00000006eb000000| Untracked 
| 941|0x00000006eb400000, 0x00000006eb400000, 0x00000006eb800000|  0%| F|  |TAMS 0x00000006eb400000| PB 0x00000006eb400000| Untracked 
| 942|0x00000006eb800000, 0x00000006eb800000, 0x00000006ebc00000|  0%| F|  |TAMS 0x00000006eb800000| PB 0x00000006eb800000| Untracked 
| 943|0x00000006ebc00000, 0x00000006ebc00000, 0x00000006ec000000|  0%| F|  |TAMS 0x00000006ebc00000| PB 0x00000006ebc00000| Untracked 
| 944|0x00000006ec000000, 0x00000006ec000000, 0x00000006ec400000|  0%| F|  |TAMS 0x00000006ec000000| PB 0x00000006ec000000| Untracked 
| 945|0x00000006ec400000, 0x00000006ec400000, 0x00000006ec800000|  0%| F|  |TAMS 0x00000006ec400000| PB 0x00000006ec400000| Untracked 
| 946|0x00000006ec800000, 0x00000006ec800000, 0x00000006ecc00000|  0%| F|  |TAMS 0x00000006ec800000| PB 0x00000006ec800000| Untracked 
| 947|0x00000006ecc00000, 0x00000006ecc00000, 0x00000006ed000000|  0%| F|  |TAMS 0x00000006ecc00000| PB 0x00000006ecc00000| Untracked 
| 948|0x00000006ed000000, 0x00000006ed000000, 0x00000006ed400000|  0%| F|  |TAMS 0x00000006ed000000| PB 0x00000006ed000000| Untracked 
| 949|0x00000006ed400000, 0x00000006ed400000, 0x00000006ed800000|  0%| F|  |TAMS 0x00000006ed400000| PB 0x00000006ed400000| Untracked 
| 950|0x00000006ed800000, 0x00000006ed800000, 0x00000006edc00000|  0%| F|  |TAMS 0x00000006ed800000| PB 0x00000006ed800000| Untracked 
| 951|0x00000006edc00000, 0x00000006edc00000, 0x00000006ee000000|  0%| F|  |TAMS 0x00000006edc00000| PB 0x00000006edc00000| Untracked 
| 952|0x00000006ee000000, 0x00000006ee000000, 0x00000006ee400000|  0%| F|  |TAMS 0x00000006ee000000| PB 0x00000006ee000000| Untracked 
| 953|0x00000006ee400000, 0x00000006ee400000, 0x00000006ee800000|  0%| F|  |TAMS 0x00000006ee400000| PB 0x00000006ee400000| Untracked 
| 954|0x00000006ee800000, 0x00000006ee800000, 0x00000006eec00000|  0%| F|  |TAMS 0x00000006ee800000| PB 0x00000006ee800000| Untracked 
| 955|0x00000006eec00000, 0x00000006eec00000, 0x00000006ef000000|  0%| F|  |TAMS 0x00000006eec00000| PB 0x00000006eec00000| Untracked 
| 956|0x00000006ef000000, 0x00000006ef000000, 0x00000006ef400000|  0%| F|  |TAMS 0x00000006ef000000| PB 0x00000006ef000000| Untracked 
| 957|0x00000006ef400000, 0x00000006ef400000, 0x00000006ef800000|  0%| F|  |TAMS 0x00000006ef400000| PB 0x00000006ef400000| Untracked 
| 958|0x00000006ef800000, 0x00000006ef800000, 0x00000006efc00000|  0%| F|  |TAMS 0x00000006ef800000| PB 0x00000006ef800000| Untracked 
| 959|0x00000006efc00000, 0x00000006efc00000, 0x00000006f0000000|  0%| F|  |TAMS 0x00000006efc00000| PB 0x00000006efc00000| Untracked 
| 960|0x00000006f0000000, 0x00000006f0000000, 0x00000006f0400000|  0%| F|  |TAMS 0x00000006f0000000| PB 0x00000006f0000000| Untracked 
| 961|0x00000006f0400000, 0x00000006f0400000, 0x00000006f0800000|  0%| F|  |TAMS 0x00000006f0400000| PB 0x00000006f0400000| Untracked 
| 962|0x00000006f0800000, 0x00000006f0800000, 0x00000006f0c00000|  0%| F|  |TAMS 0x00000006f0800000| PB 0x00000006f0800000| Untracked 
| 963|0x00000006f0c00000, 0x00000006f1000000, 0x00000006f1000000|100%| E|  |TAMS 0x00000006f0c00000| PB 0x00000006f0c00000| Complete 
| 964|0x00000006f1000000, 0x00000006f1400000, 0x00000006f1400000|100%| E|CS|TAMS 0x00000006f1000000| PB 0x00000006f1000000| Complete 
| 965|0x00000006f1400000, 0x00000006f1800000, 0x00000006f1800000|100%| E|CS|TAMS 0x00000006f1400000| PB 0x00000006f1400000| Complete 
| 966|0x00000006f1800000, 0x00000006f1c00000, 0x00000006f1c00000|100%| E|CS|TAMS 0x00000006f1800000| PB 0x00000006f1800000| Complete 
| 967|0x00000006f1c00000, 0x00000006f2000000, 0x00000006f2000000|100%| E|CS|TAMS 0x00000006f1c00000| PB 0x00000006f1c00000| Complete 
| 968|0x00000006f2000000, 0x00000006f2400000, 0x00000006f2400000|100%| E|CS|TAMS 0x00000006f2000000| PB 0x00000006f2000000| Complete 
| 969|0x00000006f2400000, 0x00000006f2800000, 0x00000006f2800000|100%| E|CS|TAMS 0x00000006f2400000| PB 0x00000006f2400000| Complete 
| 970|0x00000006f2800000, 0x00000006f2c00000, 0x00000006f2c00000|100%| E|CS|TAMS 0x00000006f2800000| PB 0x00000006f2800000| Complete 
| 971|0x00000006f2c00000, 0x00000006f3000000, 0x00000006f3000000|100%| E|CS|TAMS 0x00000006f2c00000| PB 0x00000006f2c00000| Complete 
|1953|0x00000007e8400000, 0x00000007e8600000, 0x00000007e8800000| 50%| O|  |TAMS 0x00000007e8400000| PB 0x00000007e8400000| Updating 
|1954|0x00000007e8800000, 0x00000007e8c00000, 0x00000007e8c00000|100%| O|  |TAMS 0x00000007e8800000| PB 0x00000007e8800000| Untracked 
|1955|0x00000007e8c00000, 0x00000007e9000000, 0x00000007e9000000|100%| O|  |TAMS 0x00000007e8c00000| PB 0x00000007e8c00000| Untracked 
|1956|0x00000007e9000000, 0x00000007e9400000, 0x00000007e9400000|100%| O|  |TAMS 0x00000007e9000000| PB 0x00000007e9000000| Untracked 
|1957|0x00000007e9400000, 0x00000007e9800000, 0x00000007e9800000|100%| O|  |TAMS 0x00000007e9400000| PB 0x00000007e9400000| Untracked 
|1958|0x00000007e9800000, 0x00000007e9c00000, 0x00000007e9c00000|100%| O|  |TAMS 0x00000007e9800000| PB 0x00000007e9800000| Untracked 
|1959|0x00000007e9c00000, 0x00000007ea000000, 0x00000007ea000000|100%| O|  |TAMS 0x00000007e9c00000| PB 0x00000007e9c00000| Untracked 
|1960|0x00000007ea000000, 0x00000007ea400000, 0x00000007ea400000|100%| O|  |TAMS 0x00000007ea000000| PB 0x00000007ea000000| Untracked 
|1961|0x00000007ea400000, 0x00000007ea800000, 0x00000007ea800000|100%| O|  |TAMS 0x00000007ea400000| PB 0x00000007ea400000| Untracked 
|1962|0x00000007ea800000, 0x00000007eac00000, 0x00000007eac00000|100%| O|  |TAMS 0x00000007ea800000| PB 0x00000007ea800000| Untracked 
|1963|0x00000007eac00000, 0x00000007eb000000, 0x00000007eb000000|100%| O|  |TAMS 0x00000007eac00000| PB 0x00000007eac00000| Untracked 
|1964|0x00000007eb000000, 0x00000007eb400000, 0x00000007eb400000|100%| O|  |TAMS 0x00000007eb000000| PB 0x00000007eb000000| Untracked 
|1965|0x00000007eb400000, 0x00000007eb800000, 0x00000007eb800000|100%| O|  |TAMS 0x00000007eb400000| PB 0x00000007eb400000| Untracked 
|1966|0x00000007eb800000, 0x00000007ebc00000, 0x00000007ebc00000|100%| O|  |TAMS 0x00000007eb800000| PB 0x00000007eb800000| Untracked 
|1967|0x00000007ebc00000, 0x00000007ec000000, 0x00000007ec000000|100%| O|  |TAMS 0x00000007ebc00000| PB 0x00000007ebc00000| Untracked 
|1968|0x00000007ec000000, 0x00000007ec400000, 0x00000007ec400000|100%| O|  |TAMS 0x00000007ec000000| PB 0x00000007ec000000| Untracked 
|1969|0x00000007ec400000, 0x00000007ec800000, 0x00000007ec800000|100%| O|  |TAMS 0x00000007ec400000| PB 0x00000007ec400000| Untracked 
|1970|0x00000007ec800000, 0x00000007ecc00000, 0x00000007ecc00000|100%| O|  |TAMS 0x00000007ec800000| PB 0x00000007ec800000| Untracked 
|1971|0x00000007ecc00000, 0x00000007ed000000, 0x00000007ed000000|100%| O|  |TAMS 0x00000007ecc00000| PB 0x00000007ecc00000| Untracked 
|1972|0x00000007ed000000, 0x00000007ed400000, 0x00000007ed400000|100%| O|  |TAMS 0x00000007ed000000| PB 0x00000007ed000000| Untracked 
|1973|0x00000007ed400000, 0x00000007ed800000, 0x00000007ed800000|100%| O|  |TAMS 0x00000007ed400000| PB 0x00000007ed400000| Untracked 
|1974|0x00000007ed800000, 0x00000007edc00000, 0x00000007edc00000|100%| O|  |TAMS 0x00000007ed800000| PB 0x00000007ed800000| Untracked 
|1975|0x00000007edc00000, 0x00000007ee000000, 0x00000007ee000000|100%| O|  |TAMS 0x00000007edc00000| PB 0x00000007edc00000| Untracked 
|1976|0x00000007ee000000, 0x00000007ee400000, 0x00000007ee400000|100%| O|  |TAMS 0x00000007ee000000| PB 0x00000007ee000000| Untracked 
|1977|0x00000007ee400000, 0x00000007ee800000, 0x00000007ee800000|100%| O|  |TAMS 0x00000007ee400000| PB 0x00000007ee400000| Untracked 
|1978|0x00000007ee800000, 0x00000007eec00000, 0x00000007eec00000|100%| O|  |TAMS 0x00000007ee800000| PB 0x00000007ee800000| Untracked 
|1979|0x00000007eec00000, 0x00000007ef000000, 0x00000007ef000000|100%| O|  |TAMS 0x00000007eec00000| PB 0x00000007eec00000| Untracked 
|1980|0x00000007ef000000, 0x00000007ef400000, 0x00000007ef400000|100%| O|  |TAMS 0x00000007ef000000| PB 0x00000007ef000000| Untracked 
|1981|0x00000007ef400000, 0x00000007ef800000, 0x00000007ef800000|100%| O|  |TAMS 0x00000007ef400000| PB 0x00000007ef400000| Untracked 
|1982|0x00000007ef800000, 0x00000007efc00000, 0x00000007efc00000|100%| O|  |TAMS 0x00000007ef800000| PB 0x00000007ef800000| Untracked 
|1983|0x00000007efc00000, 0x00000007f0000000, 0x00000007f0000000|100%| O|  |TAMS 0x00000007efc00000| PB 0x00000007efc00000| Untracked 
|1984|0x00000007f0000000, 0x00000007f0400000, 0x00000007f0400000|100%| O|  |TAMS 0x00000007f0000000| PB 0x00000007f0000000| Untracked 
|1985|0x00000007f0400000, 0x00000007f0800000, 0x00000007f0800000|100%| O|  |TAMS 0x00000007f0400000| PB 0x00000007f0400000| Untracked 
|1986|0x00000007f0800000, 0x00000007f0c00000, 0x00000007f0c00000|100%| O|  |TAMS 0x00000007f0800000| PB 0x00000007f0800000| Untracked 
|1987|0x00000007f0c00000, 0x00000007f1000000, 0x00000007f1000000|100%| O|  |TAMS 0x00000007f0c00000| PB 0x00000007f0c00000| Untracked 
|1988|0x00000007f1000000, 0x00000007f1400000, 0x00000007f1400000|100%| O|  |TAMS 0x00000007f1000000| PB 0x00000007f1000000| Untracked 
|1989|0x00000007f1400000, 0x00000007f1800000, 0x00000007f1800000|100%| O|  |TAMS 0x00000007f1400000| PB 0x00000007f1400000| Untracked 
|1990|0x00000007f1800000, 0x00000007f1c00000, 0x00000007f1c00000|100%| O|  |TAMS 0x00000007f1800000| PB 0x00000007f1800000| Untracked 
|1991|0x00000007f1c00000, 0x00000007f2000000, 0x00000007f2000000|100%| O|  |TAMS 0x00000007f1c00000| PB 0x00000007f1c00000| Untracked 
|1992|0x00000007f2000000, 0x00000007f2400000, 0x00000007f2400000|100%| O|  |TAMS 0x00000007f2000000| PB 0x00000007f2000000| Untracked 
|1993|0x00000007f2400000, 0x00000007f2800000, 0x00000007f2800000|100%| O|  |TAMS 0x00000007f2400000| PB 0x00000007f2400000| Untracked 
|1994|0x00000007f2800000, 0x00000007f2c00000, 0x00000007f2c00000|100%| O|  |TAMS 0x00000007f2800000| PB 0x00000007f2800000| Untracked 
|1995|0x00000007f2c00000, 0x00000007f3000000, 0x00000007f3000000|100%| O|  |TAMS 0x00000007f2c00000| PB 0x00000007f2c00000| Untracked 
|1996|0x00000007f3000000, 0x00000007f3400000, 0x00000007f3400000|100%| O|  |TAMS 0x00000007f3000000| PB 0x00000007f3000000| Untracked 
|1997|0x00000007f3400000, 0x00000007f3800000, 0x00000007f3800000|100%| O|  |TAMS 0x00000007f3400000| PB 0x00000007f3400000| Untracked 
|1998|0x00000007f3800000, 0x00000007f3c00000, 0x00000007f3c00000|100%| O|  |TAMS 0x00000007f3800000| PB 0x00000007f3800000| Untracked 
|1999|0x00000007f3c00000, 0x00000007f4000000, 0x00000007f4000000|100%| O|  |TAMS 0x00000007f3c00000| PB 0x00000007f3c00000| Untracked 
|2000|0x00000007f4000000, 0x00000007f4400000, 0x00000007f4400000|100%| O|  |TAMS 0x00000007f4000000| PB 0x00000007f4000000| Untracked 
|2001|0x00000007f4400000, 0x00000007f4800000, 0x00000007f4800000|100%| O|  |TAMS 0x00000007f4400000| PB 0x00000007f4400000| Untracked 
|2002|0x00000007f4800000, 0x00000007f4c00000, 0x00000007f4c00000|100%| O|  |TAMS 0x00000007f4800000| PB 0x00000007f4800000| Untracked 
|2003|0x00000007f4c00000, 0x00000007f5000000, 0x00000007f5000000|100%| O|  |TAMS 0x00000007f4c00000| PB 0x00000007f4c00000| Untracked 
|2004|0x00000007f5000000, 0x00000007f5400000, 0x00000007f5400000|100%| O|  |TAMS 0x00000007f5000000| PB 0x00000007f5000000| Untracked 
|2005|0x00000007f5400000, 0x00000007f5800000, 0x00000007f5800000|100%| O|  |TAMS 0x00000007f5400000| PB 0x00000007f5400000| Untracked 
|2006|0x00000007f5800000, 0x00000007f5c00000, 0x00000007f5c00000|100%| O|  |TAMS 0x00000007f5800000| PB 0x00000007f5800000| Untracked 
|2007|0x00000007f5c00000, 0x00000007f6000000, 0x00000007f6000000|100%| O|  |TAMS 0x00000007f5c00000| PB 0x00000007f5c00000| Untracked 
|2008|0x00000007f6000000, 0x00000007f6400000, 0x00000007f6400000|100%| O|  |TAMS 0x00000007f6000000| PB 0x00000007f6000000| Untracked 
|2009|0x00000007f6400000, 0x00000007f6800000, 0x00000007f6800000|100%| O|  |TAMS 0x00000007f6400000| PB 0x00000007f6400000| Untracked 
|2010|0x00000007f6800000, 0x00000007f6c00000, 0x00000007f6c00000|100%| O|  |TAMS 0x00000007f6800000| PB 0x00000007f6800000| Untracked 
|2011|0x00000007f6c00000, 0x00000007f7000000, 0x00000007f7000000|100%| O|  |TAMS 0x00000007f6c00000| PB 0x00000007f6c00000| Untracked 
|2012|0x00000007f7000000, 0x00000007f7400000, 0x00000007f7400000|100%| O|  |TAMS 0x00000007f7000000| PB 0x00000007f7000000| Untracked 
|2013|0x00000007f7400000, 0x00000007f7800000, 0x00000007f7800000|100%| O|  |TAMS 0x00000007f7400000| PB 0x00000007f7400000| Untracked 
|2014|0x00000007f7800000, 0x00000007f7c00000, 0x00000007f7c00000|100%| O|  |TAMS 0x00000007f7800000| PB 0x00000007f7800000| Untracked 
|2015|0x00000007f7c00000, 0x00000007f8000000, 0x00000007f8000000|100%| O|  |TAMS 0x00000007f7c00000| PB 0x00000007f7c00000| Untracked 
|2016|0x00000007f8000000, 0x00000007f8400000, 0x00000007f8400000|100%| O|  |TAMS 0x00000007f8000000| PB 0x00000007f8000000| Untracked 
|2017|0x00000007f8400000, 0x00000007f8800000, 0x00000007f8800000|100%| O|  |TAMS 0x00000007f8400000| PB 0x00000007f8400000| Untracked 
|2018|0x00000007f8800000, 0x00000007f8c00000, 0x00000007f8c00000|100%| O|  |TAMS 0x00000007f8800000| PB 0x00000007f8800000| Untracked 
|2019|0x00000007f8c00000, 0x00000007f9000000, 0x00000007f9000000|100%| O|  |TAMS 0x00000007f9000000| PB 0x00000007f9000000| Updating 
|2020|0x00000007f9000000, 0x00000007f9400000, 0x00000007f9400000|100%| O|  |TAMS 0x00000007f9400000| PB 0x00000007f9400000| Updating 
|2021|0x00000007f9400000, 0x00000007f9800000, 0x00000007f9800000|100%| O|  |TAMS 0x00000007f9800000| PB 0x00000007f9800000| Updating 
|2022|0x00000007f9800000, 0x00000007f9c00000, 0x00000007f9c00000|100%| O|  |TAMS 0x00000007f9c00000| PB 0x00000007f9c00000| Updating 
|2023|0x00000007f9c00000, 0x00000007fa000000, 0x00000007fa000000|100%| O|  |TAMS 0x00000007fa000000| PB 0x00000007fa000000| Untracked 
|2024|0x00000007fa000000, 0x00000007fa400000, 0x00000007fa400000|100%| O|  |TAMS 0x00000007fa400000| PB 0x00000007fa400000| Untracked 
|2025|0x00000007fa400000, 0x00000007fa800000, 0x00000007fa800000|100%| O|  |TAMS 0x00000007fa800000| PB 0x00000007fa800000| Untracked 
|2026|0x00000007fa800000, 0x00000007fac00000, 0x00000007fac00000|100%| O|  |TAMS 0x00000007fac00000| PB 0x00000007fac00000| Untracked 
|2027|0x00000007fac00000, 0x00000007fb000000, 0x00000007fb000000|100%| O|  |TAMS 0x00000007fb000000| PB 0x00000007fb000000| Untracked 
|2028|0x00000007fb000000, 0x00000007fb400000, 0x00000007fb400000|100%| O|  |TAMS 0x00000007fb400000| PB 0x00000007fb400000| Untracked 
|2029|0x00000007fb400000, 0x00000007fb800000, 0x00000007fb800000|100%| O|  |TAMS 0x00000007fb800000| PB 0x00000007fb800000| Untracked 
|2030|0x00000007fb800000, 0x00000007fbc00000, 0x00000007fbc00000|100%| O|  |TAMS 0x00000007fbc00000| PB 0x00000007fbc00000| Untracked 
|2031|0x00000007fbc00000, 0x00000007fc000000, 0x00000007fc000000|100%| O|  |TAMS 0x00000007fc000000| PB 0x00000007fc000000| Untracked 
|2032|0x00000007fc000000, 0x00000007fc400000, 0x00000007fc400000|100%| O|  |TAMS 0x00000007fc400000| PB 0x00000007fc400000| Untracked 
|2033|0x00000007fc400000, 0x00000007fc800000, 0x00000007fc800000|100%| O|  |TAMS 0x00000007fc800000| PB 0x00000007fc800000| Untracked 
|2034|0x00000007fc800000, 0x00000007fcc00000, 0x00000007fcc00000|100%| O|  |TAMS 0x00000007fcc00000| PB 0x00000007fcc00000| Untracked 
|2035|0x00000007fcc00000, 0x00000007fd000000, 0x00000007fd000000|100%| O|  |TAMS 0x00000007fd000000| PB 0x00000007fd000000| Untracked 
|2036|0x00000007fd000000, 0x00000007fd400000, 0x00000007fd400000|100%| O|  |TAMS 0x00000007fd400000| PB 0x00000007fd400000| Untracked 
|2037|0x00000007fd400000, 0x00000007fd800000, 0x00000007fd800000|100%| O|  |TAMS 0x00000007fd800000| PB 0x00000007fd800000| Untracked 
|2038|0x00000007fd800000, 0x00000007fdc00000, 0x00000007fdc00000|100%| O|  |TAMS 0x00000007fdc00000| PB 0x00000007fdc00000| Untracked 
|2039|0x00000007fdc00000, 0x00000007fe000000, 0x00000007fe000000|100%| O|  |TAMS 0x00000007fe000000| PB 0x00000007fe000000| Untracked 
|2040|0x00000007fe000000, 0x00000007fe400000, 0x00000007fe400000|100%| O|  |TAMS 0x00000007fe400000| PB 0x00000007fe400000| Updating 
|2041|0x00000007fe400000, 0x00000007fe800000, 0x00000007fe800000|100%| E|CS|TAMS 0x00000007fe400000| PB 0x00000007fe400000| Complete 
|2042|0x00000007fe800000, 0x00000007fec00000, 0x00000007fec00000|100%| O|  |TAMS 0x00000007fec00000| PB 0x00000007fec00000| Untracked 
|2043|0x00000007fec00000, 0x00000007ff000000, 0x00000007ff000000|100%| O|  |TAMS 0x00000007ff000000| PB 0x00000007ff000000| Untracked 
|2044|0x00000007ff000000, 0x00000007ff400000, 0x00000007ff400000|100%| O|  |TAMS 0x00000007ff400000| PB 0x00000007ff400000| Untracked 
|2045|0x00000007ff400000, 0x00000007ff800000, 0x00000007ff800000|100%| O|  |TAMS 0x00000007ff800000| PB 0x00000007ff800000| Untracked 
|2046|0x00000007ff800000, 0x00000007ffc00000, 0x00000007ffc00000|100%| O|  |TAMS 0x00000007ffc00000| PB 0x00000007ffc00000| Untracked 
|2047|0x00000007ffc00000, 0x0000000800000000, 0x0000000800000000|100%| O|  |TAMS 0x0000000800000000| PB 0x0000000800000000| Untracked 

Card table byte_map: [0x00000166463c0000,0x00000166473c0000] _byte_map_base: 0x00000166433c0000

Marking Bits: (CMBitMap*) 0x000001662bde5380
 Bits: [0x00000166473c0000, 0x000001664f3c0000)

Polling page: 0x000001662bbf0000

Metaspace:

Usage:
  Non-class:     56.90 MB used.
      Class:      7.97 MB used.
       Both:     64.87 MB used.

Virtual space:
  Non-class space:       64.00 MB reserved,      57.50 MB ( 90%) committed,  1 nodes.
      Class space:        1.00 GB reserved,       8.38 MB ( <1%) committed,  1 nodes.
             Both:        1.06 GB reserved,      65.88 MB (  6%) committed. 

Chunk freelists:
   Non-Class:  6.09 MB
       Class:  7.50 MB
        Both:  13.60 MB

MaxMetaspaceSize: unlimited
CompressedClassSpaceSize: 1.00 GB
Initial GC threshold: 21.00 MB
Current GC threshold: 109.62 MB
CDS: on
 - commit_granule_bytes: 65536.
 - commit_granule_words: 8192.
 - virtual_space_node_default_size: 8388608.
 - enlarge_chunks_in_place: 1.
 - use_allocation_guard: 0.


Internal statistics:

num_allocs_failed_limit: 12.
num_arena_births: 1236.
num_arena_deaths: 0.
num_vsnodes_births: 2.
num_vsnodes_deaths: 0.
num_space_committed: 1054.
num_space_uncommitted: 0.
num_chunks_returned_to_freelist: 12.
num_chunks_taken_from_freelist: 3405.
num_chunk_merges: 3.
num_chunk_splits: 2277.
num_chunks_enlarged: 1502.
num_inconsistent_stats: 0.

CodeHeap 'non-profiled nmethods': size=120000Kb used=3419Kb max_used=3623Kb free=116580Kb
 bounds [0x000001663d430000, 0x000001663d7c0000, 0x0000016644960000]
CodeHeap 'profiled nmethods': size=120000Kb used=9178Kb max_used=10545Kb free=110821Kb
 bounds [0x0000016635960000, 0x00000166363b0000, 0x000001663ce90000]
CodeHeap 'non-nmethods': size=5760Kb used=2949Kb max_used=2985Kb free=2810Kb
 bounds [0x000001663ce90000, 0x000001663d180000, 0x000001663d430000]
 total_blobs=6225 nmethods=5194 adapters=934
 compilation: enabled
              stopped_count=0, restarted_count=0
 full_count=0

Compilation events (20 events):
Event: 68.657 Thread 0x0000016697008df0 6474       4       java.lang.Math::floorMod (28 bytes)
Event: 68.657 Thread 0x0000016697008df0 nmethod 6474 0x000001663d7a8090 code [0x000001663d7a8220, 0x000001663d7a8308]
Event: 68.714 Thread 0x0000016697008df0 6475       4       java.time.Instant::create (49 bytes)
Event: 68.716 Thread 0x0000016697008df0 nmethod 6475 0x000001663d7a7c90 code [0x000001663d7a7e20, 0x000001663d7a7fa8]
Event: 71.552 Thread 0x0000016697008df0 6476   !   4       java.lang.Thread::blockedOn (27 bytes)
Event: 71.554 Thread 0x0000016697008df0 nmethod 6476 0x000001663d7a7710 code [0x000001663d7a78a0, 0x000001663d7a7b88]
Event: 72.197 Thread 0x0000016697009bf0 6477       3       java.util.TaskQueue::getMin (7 bytes)
Event: 72.198 Thread 0x0000016697009bf0 nmethod 6477 0x00000166360cdd90 code [0x00000166360cdf40, 0x00000166360ce080]
Event: 72.358 Thread 0x0000016697008df0 6478       4       java.nio.HeapByteBuffer::<init> (31 bytes)
Event: 72.362 Thread 0x0000016697008df0 nmethod 6478 0x000001663d66a210 code [0x000001663d66a3c0, 0x000001663d66a848]
Event: 72.587 Thread 0x0000016697008df0 6479       4       java.nio.HeapByteBuffer::slice (49 bytes)
Event: 72.592 Thread 0x0000016697008df0 nmethod 6479 0x000001663d669990 code [0x000001663d669b40, 0x000001663d669f10]
Event: 82.772 Thread 0x0000016697008df0 6480       4       java.nio.ByteBuffer::rewind (7 bytes)
Event: 82.773 Thread 0x0000016697008df0 nmethod 6480 0x000001663d58f590 code [0x000001663d58f720, 0x000001663d58f7b8]
Event: 89.721 Thread 0x0000016697008df0 6481       4       oracle.jdbc.driver.T4CMAREngineNIO::prepareForMarshall (34 bytes)
Event: 89.737 Thread 0x0000016697008df0 nmethod 6481 0x000001663d58f190 code [0x000001663d58f320, 0x000001663d58f440]
Event: 92.210 Thread 0x0000016697008df0 6482 %     4       oracle.jdbc.driver.T4CTTIrxd$BitSet::clear @ 2 (25 bytes)
Event: 92.220 Thread 0x0000016697008df0 nmethod 6482% 0x000001663d58ed10 code [0x000001663d58eea0, 0x000001663d58f078]
Event: 97.260 Thread 0x0000016697008df0 6483       4       oracle.jdbc.driver.T4CMAREngineNIO::unmarshalSB2 (50 bytes)
Event: 97.275 Thread 0x0000016697008df0 nmethod 6483 0x000001663d58e810 code [0x000001663d58e9c0, 0x000001663d58eb38]

GC Heap History (20 events):
Event: 61.700 GC heap before
{Heap before GC invocations=43 (full 0):
 garbage-first heap   total 3420160K, used 2131968K [0x0000000600000000, 0x0000000800000000)
  region size 4096K, 43 young (176128K), 5 survivors (20480K)
 Metaspace       used 66420K, committed 67456K, reserved 1114112K
  class space    used 8162K, committed 8576K, reserved 1048576K
}
Event: 61.819 GC heap after
{Heap after GC invocations=44 (full 0):
 garbage-first heap   total 3420160K, used 2129920K [0x0000000600000000, 0x0000000800000000)
  region size 4096K, 6 young (24576K), 6 survivors (24576K)
 Metaspace       used 66420K, committed 67456K, reserved 1114112K
  class space    used 8162K, committed 8576K, reserved 1048576K
}
Event: 68.314 GC heap before
{Heap before GC invocations=44 (full 0):
 garbage-first heap   total 3420160K, used 2383872K [0x0000000600000000, 0x0000000800000000)
  region size 4096K, 68 young (278528K), 6 survivors (24576K)
 Metaspace       used 66423K, committed 67456K, reserved 1114112K
  class space    used 8162K, committed 8576K, reserved 1048576K
}
Event: 68.542 GC heap after
{Heap after GC invocations=45 (full 0):
 garbage-first heap   total 3420160K, used 2369536K [0x0000000600000000, 0x0000000800000000)
  region size 4096K, 9 young (36864K), 9 survivors (36864K)
 Metaspace       used 66423K, committed 67456K, reserved 1114112K
  class space    used 8162K, committed 8576K, reserved 1048576K
}
Event: 73.650 GC heap before
{Heap before GC invocations=45 (full 0):
 garbage-first heap   total 3420160K, used 2594816K [0x0000000600000000, 0x0000000800000000)
  region size 4096K, 64 young (262144K), 9 survivors (36864K)
 Metaspace       used 66424K, committed 67456K, reserved 1114112K
  class space    used 8162K, committed 8576K, reserved 1048576K
}
Event: 73.901 GC heap after
{Heap after GC invocations=46 (full 0):
 garbage-first heap   total 3420160K, used 2584576K [0x0000000600000000, 0x0000000800000000)
  region size 4096K, 8 young (32768K), 8 survivors (32768K)
 Metaspace       used 66424K, committed 67456K, reserved 1114112K
  class space    used 8162K, committed 8576K, reserved 1048576K
}
Event: 78.023 GC heap before
{Heap before GC invocations=46 (full 0):
 garbage-first heap   total 3420160K, used 2777088K [0x0000000600000000, 0x0000000800000000)
  region size 4096K, 55 young (225280K), 8 survivors (32768K)
 Metaspace       used 66424K, committed 67456K, reserved 1114112K
  class space    used 8162K, committed 8576K, reserved 1048576K
}
Event: 78.289 GC heap after
{Heap after GC invocations=47 (full 0):
 garbage-first heap   total 3420160K, used 2762752K [0x0000000600000000, 0x0000000800000000)
  region size 4096K, 7 young (28672K), 7 survivors (28672K)
 Metaspace       used 66424K, committed 67456K, reserved 1114112K
  class space    used 8162K, committed 8576K, reserved 1048576K
}
Event: 81.715 GC heap before
{Heap before GC invocations=47 (full 0):
 garbage-first heap   total 3420160K, used 2922496K [0x0000000600000000, 0x0000000800000000)
  region size 4096K, 46 young (188416K), 7 survivors (28672K)
 Metaspace       used 66424K, committed 67456K, reserved 1114112K
  class space    used 8162K, committed 8576K, reserved 1048576K
}
Event: 82.009 GC heap after
{Heap after GC invocations=48 (full 0):
 garbage-first heap   total 3420160K, used 2914304K [0x0000000600000000, 0x0000000800000000)
  region size 4096K, 6 young (24576K), 6 survivors (24576K)
 Metaspace       used 66424K, committed 67456K, reserved 1114112K
  class space    used 8162K, committed 8576K, reserved 1048576K
}
Event: 85.064 GC heap before
{Heap before GC invocations=48 (full 0):
 garbage-first heap   total 3420160K, used 3057664K [0x0000000600000000, 0x0000000800000000)
  region size 4096K, 41 young (167936K), 6 survivors (24576K)
 Metaspace       used 66424K, committed 67456K, reserved 1114112K
  class space    used 8162K, committed 8576K, reserved 1048576K
}
Event: 85.334 GC heap after
{Heap after GC invocations=49 (full 0):
 garbage-first heap   total 3420160K, used 3055616K [0x0000000600000000, 0x0000000800000000)
  region size 4096K, 6 young (24576K), 6 survivors (24576K)
 Metaspace       used 66424K, committed 67456K, reserved 1114112K
  class space    used 8162K, committed 8576K, reserved 1048576K
}
Event: 88.341 GC heap before
{Heap before GC invocations=49 (full 0):
 garbage-first heap   total 3420160K, used 3198976K [0x0000000600000000, 0x0000000800000000)
  region size 4096K, 41 young (167936K), 6 survivors (24576K)
 Metaspace       used 66424K, committed 67456K, reserved 1114112K
  class space    used 8162K, committed 8576K, reserved 1048576K
}
Event: 88.503 GC heap after
{Heap after GC invocations=50 (full 0):
 garbage-first heap   total 3420160K, used 3194880K [0x0000000600000000, 0x0000000800000000)
  region size 4096K, 6 young (24576K), 6 survivors (24576K)
 Metaspace       used 66424K, committed 67456K, reserved 1114112K
  class space    used 8162K, committed 8576K, reserved 1048576K
}
Event: 91.559 GC heap before
{Heap before GC invocations=50 (full 0):
 garbage-first heap   total 3420160K, used 3338240K [0x0000000600000000, 0x0000000800000000)
  region size 4096K, 41 young (167936K), 6 survivors (24576K)
 Metaspace       used 66424K, committed 67456K, reserved 1114112K
  class space    used 8162K, committed 8576K, reserved 1048576K
}
Event: 91.729 GC heap after
{Heap after GC invocations=51 (full 0):
 garbage-first heap   total 3506176K, used 3334144K [0x0000000600000000, 0x0000000800000000)
  region size 4096K, 6 young (24576K), 6 survivors (24576K)
 Metaspace       used 66424K, committed 67456K, reserved 1114112K
  class space    used 8162K, committed 8576K, reserved 1048576K
}
Event: 94.962 GC heap before
{Heap before GC invocations=51 (full 0):
 garbage-first heap   total 3506176K, used 3481600K [0x0000000600000000, 0x0000000800000000)
  region size 4096K, 42 young (172032K), 6 survivors (24576K)
 Metaspace       used 66424K, committed 67456K, reserved 1114112K
  class space    used 8162K, committed 8576K, reserved 1048576K
}
Event: 95.686 GC heap after
{Heap after GC invocations=52 (full 0):
 garbage-first heap   total 3653632K, used 3479552K [0x0000000600000000, 0x0000000800000000)
  region size 4096K, 6 young (24576K), 6 survivors (24576K)
 Metaspace       used 66424K, committed 67456K, reserved 1114112K
  class space    used 8162K, committed 8576K, reserved 1048576K
}
Event: 99.193 GC heap before
{Heap before GC invocations=52 (full 0):
 garbage-first heap   total 3653632K, used 3627008K [0x0000000600000000, 0x0000000800000000)
  region size 4096K, 42 young (172032K), 6 survivors (24576K)
 Metaspace       used 66424K, committed 67456K, reserved 1114112K
  class space    used 8162K, committed 8576K, reserved 1048576K
}
Event: 99.284 GC heap after
{Heap after GC invocations=53 (full 0):
 garbage-first heap   total 4370432K, used 3627008K [0x0000000600000000, 0x0000000800000000)
  region size 4096K, 6 young (24576K), 6 survivors (24576K)
 Metaspace       used 66424K, committed 67456K, reserved 1114112K
  class space    used 8162K, committed 8576K, reserved 1048576K
}

Dll operation events (14 events):
Event: 0.086 Loaded shared library C:\JAVA\jdk-21.0.2\bin\java.dll
Event: 0.089 Loaded shared library C:\JAVA\jdk-21.0.2\bin\zip.dll
Event: 0.153 Loaded shared library C:\JAVA\jdk-21.0.2\bin\jsvml.dll
Event: 0.401 Loaded shared library C:\JAVA\jdk-21.0.2\bin\instrument.dll
Event: 0.408 Loaded shared library C:\JAVA\jdk-21.0.2\bin\net.dll
Event: 0.413 Loaded shared library C:\JAVA\jdk-21.0.2\bin\nio.dll
Event: 0.418 Loaded shared library C:\JAVA\jdk-21.0.2\bin\zip.dll
Event: 0.431 Loaded shared library C:\Program Files\JetBrains\IntelliJ IDEA Community Edition 2024.3.3\bin\breakgen64.dll
Event: 0.447 Loaded shared library C:\JAVA\jdk-21.0.2\bin\extnet.dll
Event: 0.631 Loaded shared library C:\JAVA\jdk-21.0.2\bin\jimage.dll
Event: 1.995 Loaded shared library C:\JAVA\jdk-21.0.2\bin\management.dll
Event: 2.016 Loaded shared library C:\JAVA\jdk-21.0.2\bin\management_ext.dll
Event: 2.751 Loaded shared library C:\JAVA\jdk-21.0.2\bin\verify.dll
Event: 5.147 Loaded shared library C:\JAVA\jdk-21.0.2\bin\sunmscapi.dll

Deoptimization events (20 events):
Event: 16.533 Thread 0x000001669a7925b0 DEOPT PACKING pc=0x000001663d797db4 sp=0x000000571b1fd1d0
Event: 16.533 Thread 0x000001669a7925b0 DEOPT UNPACKING pc=0x000001663cee46a2 sp=0x000000571b1fd198 mode 2
Event: 16.821 Thread 0x000001669a7925b0 Uncommon trap: trap_request=0xffffff45 fr.pc=0x000001663d7ae518 relative=0x00000000000007f8
Event: 16.821 Thread 0x000001669a7925b0 Uncommon trap: reason=unstable_if action=reinterpret pc=0x000001663d7ae518 method=oracle.jdbc.driver.T4CMAREngineNIO.getNBytes([BII)I @ 35 c2
Event: 16.821 Thread 0x000001669a7925b0 DEOPT PACKING pc=0x000001663d7ae518 sp=0x000000571b1fd4d0
Event: 16.821 Thread 0x000001669a7925b0 DEOPT UNPACKING pc=0x000001663cee46a2 sp=0x000000571b1fd258 mode 2
Event: 23.151 Thread 0x000001669a7925b0 DEOPT PACKING pc=0x0000016635af9c1d sp=0x000000571b1fd5e0
Event: 23.151 Thread 0x000001669a7925b0 DEOPT UNPACKING pc=0x000001663cee4e42 sp=0x000000571b1fcc00 mode 0
Event: 33.832 Thread 0x000001669a7925b0 DEOPT PACKING pc=0x0000016635c825ef sp=0x000000571b1fd540
Event: 33.832 Thread 0x000001669a7925b0 DEOPT UNPACKING pc=0x000001663cee4e42 sp=0x000000571b1fca50 mode 0
Event: 42.965 Thread 0x000001669a7925b0 DEOPT PACKING pc=0x0000016635db2f0f sp=0x000000571b1fdb80
Event: 42.965 Thread 0x000001669a7925b0 DEOPT UNPACKING pc=0x000001663cee4e42 sp=0x000000571b1fd0b8 mode 0
Event: 60.910 Thread 0x000001669a7925b0 DEOPT PACKING pc=0x0000016635a6479c sp=0x000000571b1fd950
Event: 60.910 Thread 0x000001669a7925b0 DEOPT UNPACKING pc=0x000001663cee4e42 sp=0x000000571b1fcdd0 mode 0
Event: 62.004 Thread 0x000001669a7925b0 DEOPT PACKING pc=0x0000016635a944a5 sp=0x000000571b1fd650
Event: 62.004 Thread 0x000001669a7925b0 DEOPT UNPACKING pc=0x000001663cee4e42 sp=0x000000571b1fcad0 mode 0
Event: 66.123 Thread 0x000001669a7925b0 Uncommon trap: trap_request=0xffffff45 fr.pc=0x000001663d7a0b40 relative=0x0000000000001620
Event: 66.123 Thread 0x000001669a7925b0 Uncommon trap: reason=unstable_if action=reinterpret pc=0x000001663d7a0b40 method=oracle.jdbc.driver.NumberCommonAccessor.decodeBigDecimal([BI[ILoracle/jdbc/internal/OracleConnection;)Ljava/math/BigDecimal; @ 930 c2
Event: 66.123 Thread 0x000001669a7925b0 DEOPT PACKING pc=0x000001663d7a0b40 sp=0x000000571b1fd980
Event: 66.123 Thread 0x000001669a7925b0 DEOPT UNPACKING pc=0x000001663cee46a2 sp=0x000000571b1fd8d8 mode 2

Classes loaded (20 events):
Event: 10.384 Loading class oracle/jdbc/driver/DynamicByteArray
Event: 10.384 Loading class oracle/jdbc/driver/DynamicByteArray done
Event: 10.440 Loading class oracle/jdbc/driver/T4CTTIrxd$MinHeap
Event: 10.440 Loading class oracle/jdbc/driver/T4CTTIrxd$MinHeap done
Event: 10.500 Loading class java/util/stream/ReduceOps$6
Event: 10.500 Loading class java/util/stream/ReduceOps$6 done
Event: 10.500 Loading class java/util/stream/ReduceOps$5ReducingSink
Event: 10.500 Loading class java/util/stream/ReduceOps$5ReducingSink done
Event: 13.077 Loading class sun/util/calendar/JulianCalendar
Event: 13.078 Loading class sun/util/calendar/JulianCalendar done
Event: 13.080 Loading class sun/util/calendar/Era
Event: 13.080 Loading class sun/util/calendar/Era done
Event: 13.080 Loading class sun/util/calendar/ImmutableGregorianDate
Event: 13.081 Loading class sun/util/calendar/ImmutableGregorianDate done
Event: 13.082 Loading class sun/util/calendar/JulianCalendar$Date
Event: 13.083 Loading class sun/util/calendar/JulianCalendar$Date done
Event: 39.157 Loading class java/lang/foreign/MemorySegment
Event: 39.157 Loading class java/lang/foreign/MemorySegment done
Event: 66.214 Loading class java/util/IdentityHashMap$KeyIterator
Event: 66.214 Loading class java/util/IdentityHashMap$KeyIterator done

Classes unloaded (0 events):
No events

Classes redefined (1 events):
Event: 0.464 Thread 0x000001665184fae0 redefined class name=java.lang.Throwable, count=1

Internal exceptions (20 events):
Event: 8.412 Thread 0x000001669a7925b0 Exception <a 'java/lang/NoSuchMethodError'{0x000000060d3ce4a8}: 'java.lang.Object java.lang.invoke.DelegatingMethodHandle$Holder.delegate(java.lang.Object, int, java.lang.Object, java.lang.Object)'> (0x000000060d3ce4a8) 
thrown [s\open\src\hotspot\share\interpreter\linkResolver.cpp, line 773]
Event: 8.414 Thread 0x000001669a7925b0 Implicit null exception at 0x000001663d66a204 to 0x000001663d66a5d8
Event: 8.432 Thread 0x000001669a7925b0 Exception <a 'java/lang/IncompatibleClassChangeError'{0x000000060cc30ee8}: Found class java.lang.Object, but interface was expected> (0x000000060cc30ee8) 
thrown [s\open\src\hotspot\share\interpreter\linkResolver.cpp, line 840]
Event: 8.433 Thread 0x000001669a7925b0 Exception <a 'java/lang/IncompatibleClassChangeError'{0x000000060cc33ac8}: Found class java.lang.Object, but interface was expected> (0x000000060cc33ac8) 
thrown [s\open\src\hotspot\share\interpreter\linkResolver.cpp, line 840]
Event: 8.433 Thread 0x000001669a7925b0 Exception <a 'java/lang/IncompatibleClassChangeError'{0x000000060cc36690}: Found class java.lang.Object, but interface was expected> (0x000000060cc36690) 
thrown [s\open\src\hotspot\share\interpreter\linkResolver.cpp, line 840]
Event: 8.433 Thread 0x000001669a7925b0 Exception <a 'java/lang/IncompatibleClassChangeError'{0x000000060cc392a0}: Found class java.lang.Object, but interface was expected> (0x000000060cc392a0) 
thrown [s\open\src\hotspot\share\interpreter\linkResolver.cpp, line 840]
Event: 8.442 Thread 0x000001669a7925b0 Exception <a 'java/lang/ClassNotFoundException'{0x000000060cc7da48}: org/hamcrest/MatchersBeanInfo> (0x000000060cc7da48) 
thrown [s\open\src\hotspot\share\classfile\systemDictionary.cpp, line 312]
Event: 8.443 Thread 0x000001669a7925b0 Exception <a 'java/lang/ClassNotFoundException'{0x000000060cc80fe8}: org/hamcrest/MatchersCustomizer> (0x000000060cc80fe8) 
thrown [s\open\src\hotspot\share\classfile\systemDictionary.cpp, line 312]
Event: 8.455 Thread 0x000001669a7925b0 Exception <a 'java/lang/ClassNotFoundException'{0x000000060cd8c650}: org/hamcrest/core/IsEqualBeanInfo> (0x000000060cd8c650) 
thrown [s\open\src\hotspot\share\classfile\systemDictionary.cpp, line 312]
Event: 8.456 Thread 0x000001669a7925b0 Exception <a 'java/lang/ClassNotFoundException'{0x000000060cd90430}: org/hamcrest/BaseMatcherBeanInfo> (0x000000060cd90430) 
thrown [s\open\src\hotspot\share\classfile\systemDictionary.cpp, line 312]
Event: 8.456 Thread 0x000001669a7925b0 Exception <a 'java/lang/ClassNotFoundException'{0x000000060cd94248}: org/hamcrest/BaseMatcherCustomizer> (0x000000060cd94248) 
thrown [s\open\src\hotspot\share\classfile\systemDictionary.cpp, line 312]
Event: 8.457 Thread 0x000001669a7925b0 Exception <a 'java/lang/ClassNotFoundException'{0x000000060cd9bd20}: org/hamcrest/core/IsEqualCustomizer> (0x000000060cd9bd20) 
thrown [s\open\src\hotspot\share\classfile\systemDictionary.cpp, line 312]
Event: 8.569 Thread 0x000001669a7925b0 Implicit null exception at 0x000001663d6c6ac4 to 0x000001663d6c6c1c
Event: 8.642 Thread 0x000001669a7925b0 Exception <a 'java/lang/NoClassDefFoundError'{0x000000060cb423a8}: oracle/security/pki/OraclePKIProvider> (0x000000060cb423a8) 
thrown [s\open\src\hotspot\share\classfile\systemDictionary.cpp, line 301]
Event: 8.715 Thread 0x000001669a7925b0 Exception <a 'sun/nio/fs/WindowsException'{0x000000060c5c0510}> (0x000000060c5c0510) 
thrown [s\open\src\hotspot\share\prims\jni.cpp, line 520]
Event: 8.964 Thread 0x000001669a7925b0 Exception <a 'java/lang/NoClassDefFoundError'{0x000000060bd2bfe8}: oracle/dms/console/DMSConsole> (0x000000060bd2bfe8) 
thrown [s\open\src\hotspot\share\classfile\systemDictionary.cpp, line 301]
Event: 8.977 Thread 0x000001669a7925b0 Implicit null exception at 0x000001663d623000 to 0x000001663d623030
Event: 9.402 Thread 0x000001669a7925b0 Exception <a 'java/lang/NoSuchMethodError'{0x000000061fd2ed20}: 'int java.lang.invoke.DirectMethodHandle$Holder.invokeSpecialIFC(java.lang.Object, java.lang.Object, java.lang.Object)'> (0x000000061fd2ed20) 
thrown [s\open\src\hotspot\share\interpreter\linkResolver.cpp, line 773]
Event: 9.496 Thread 0x000001669a7925b0 Exception <a 'java/lang/NoSuchMethodError'{0x000000061feca820}: 'long java.lang.invoke.Invokers$Holder.invokeExact_MT(java.lang.Object, java.lang.Object)'> (0x000000061feca820) 
thrown [s\open\src\hotspot\share\interpreter\linkResolver.cpp, line 773]
Event: 10.367 Thread 0x000001669a7925b0 Exception <a 'java/lang/NoSuchMethodError'{0x00000006075d7f10}: 'java.lang.Object java.lang.invoke.DirectMethodHandle$Holder.invokeStatic(java.lang.Object, int, int)'> (0x00000006075d7f10) 
thrown [s\open\src\hotspot\share\interpreter\linkResolver.cpp, line 773]

ZGC Phase Switch (0 events):
No events

VM Operations (20 events):
Event: 73.901 Executing VM operation: G1CollectForAllocation (G1 Evacuation Pause) done
Event: 78.023 Executing VM operation: G1CollectForAllocation (G1 Evacuation Pause)
Event: 78.289 Executing VM operation: G1CollectForAllocation (G1 Evacuation Pause) done
Event: 81.715 Executing VM operation: G1CollectForAllocation (G1 Evacuation Pause)
Event: 82.009 Executing VM operation: G1CollectForAllocation (G1 Evacuation Pause) done
Event: 83.010 Executing VM operation: Cleanup
Event: 83.010 Executing VM operation: Cleanup done
Event: 85.064 Executing VM operation: G1CollectForAllocation (G1 Evacuation Pause)
Event: 85.334 Executing VM operation: G1CollectForAllocation (G1 Evacuation Pause) done
Event: 88.340 Executing VM operation: G1CollectForAllocation (G1 Evacuation Pause)
Event: 88.503 Executing VM operation: G1CollectForAllocation (G1 Evacuation Pause) done
Event: 91.559 Executing VM operation: G1CollectForAllocation (G1 Evacuation Pause)
Event: 91.729 Executing VM operation: G1CollectForAllocation (G1 Evacuation Pause) done
Event: 94.962 Executing VM operation: G1CollectForAllocation (G1 Evacuation Pause)
Event: 95.686 Executing VM operation: G1CollectForAllocation (G1 Evacuation Pause) done
Event: 97.708 Executing VM operation: Cleanup
Event: 97.711 Executing VM operation: Cleanup done
Event: 99.192 Executing VM operation: G1CollectForAllocation (G1 Evacuation Pause)
Event: 99.284 Executing VM operation: G1CollectForAllocation (G1 Evacuation Pause) done
Event: 100.172 Executing VM operation: G1PauseRemark

Events (20 events):
Event: 32.449 Thread 0x000001665184fae0 flushing nmethod 0x0000016635a9ee90
Event: 41.628 Thread 0x000001665184fae0 flushing nmethod 0x00000166363a6790
Event: 41.628 Thread 0x000001665184fae0 flushing nmethod 0x000001663639f210
Event: 41.628 Thread 0x000001665184fae0 flushing nmethod 0x00000166363acc10
Event: 41.628 Thread 0x000001665184fae0 flushing nmethod 0x0000016635cb5490
Event: 41.628 Thread 0x000001665184fae0 flushing nmethod 0x0000016635a42310
Event: 59.354 Thread 0x000001665184fae0 flushing nmethod 0x0000016635c81090
Event: 59.354 Thread 0x000001665184fae0 flushing nmethod 0x0000016635c6a290
Event: 59.354 Thread 0x000001665184fae0 flushing nmethod 0x0000016635c28b90
Event: 59.354 Thread 0x000001665184fae0 flushing nmethod 0x0000016635a41f90
Event: 66.215 Thread 0x0000016697b2ae00 Thread exited: 0x0000016697b2ae00
Event: 69.895 Thread 0x000001669d2bfc10 Thread exited: 0x000001669d2bfc10
Event: 100.179 Thread 0x000001665184fae0 flushing nmethod 0x00000166363aa610
Event: 100.179 Thread 0x000001665184fae0 flushing nmethod 0x000001663618a910
Event: 100.179 Thread 0x000001665184fae0 flushing nmethod 0x0000016635f0a710
Event: 100.179 Thread 0x000001665184fae0 flushing nmethod 0x0000016635ef2a10
Event: 100.179 Thread 0x000001665184fae0 flushing nmethod 0x0000016635db2490
Event: 100.179 Thread 0x000001665184fae0 flushing nmethod 0x0000016635cad710
Event: 100.179 Thread 0x000001665184fae0 flushing nmethod 0x0000016635c80210
Event: 100.179 Thread 0x000001665184fae0 flushing nmethod 0x0000016635b59c10


Dynamic libraries:
0x00007ff613c80000 - 0x00007ff613c8e000 	C:\JAVA\jdk-21.0.2\bin\java.exe
0x00007ffbc2f90000 - 0x00007ffbc3185000 	C:\windows\SYSTEM32\ntdll.dll
0x00007ffbc2d20000 - 0x00007ffbc2ddd000 	C:\windows\System32\KERNEL32.DLL
0x00007ffbc0770000 - 0x00007ffbc0a39000 	C:\windows\System32\KERNELBASE.dll
0x00007ffb9f3f0000 - 0x00007ffb9f408000 	C:\JAVA\jdk-21.0.2\bin\jli.dll
0x00007ffbc0a40000 - 0x00007ffbc0b40000 	C:\windows\System32\ucrtbase.dll
0x00007ffb96660000 - 0x00007ffb968fa000 	C:\windows\WinSxS\amd64_microsoft.windows.common-controls_6595b64144ccf1df_6.0.19041.1110_none_60b5254171f9507e\COMCTL32.dll
0x00007ffba1ac0000 - 0x00007ffba1adb000 	C:\JAVA\jdk-21.0.2\bin\VCRUNTIME140.dll
0x00007ffbc26d0000 - 0x00007ffbc276e000 	C:\windows\System32\msvcrt.dll
0x00007ffbc12f0000 - 0x00007ffbc1490000 	C:\windows\System32\USER32.dll
0x00007ffbc2de0000 - 0x00007ffbc2e0a000 	C:\windows\System32\GDI32.dll
0x00007ffbc0e90000 - 0x00007ffbc0eb2000 	C:\windows\System32\win32u.dll
0x00007ffbc0d80000 - 0x00007ffbc0e8b000 	C:\windows\System32\gdi32full.dll
0x00007ffbc06d0000 - 0x00007ffbc076d000 	C:\windows\System32\msvcp_win.dll
0x00007ffbc10f0000 - 0x00007ffbc1120000 	C:\windows\System32\IMM32.DLL
0x00007ffba1b00000 - 0x00007ffba1b0c000 	C:\JAVA\jdk-21.0.2\bin\vcruntime140_1.dll
0x00007ffb9d300000 - 0x00007ffb9d38e000 	C:\JAVA\jdk-21.0.2\bin\msvcp140.dll
0x00007ffb594d0000 - 0x00007ffb5a1e7000 	C:\JAVA\jdk-21.0.2\bin\server\jvm.dll
0x00007ffbc1680000 - 0x00007ffbc172c000 	C:\windows\System32\ADVAPI32.dll
0x00007ffbc1a90000 - 0x00007ffbc1b2b000 	C:\windows\System32\sechost.dll
0x00007ffbc2bf0000 - 0x00007ffbc2d1a000 	C:\windows\System32\RPCRT4.dll
0x00007ffbc23f0000 - 0x00007ffbc245b000 	C:\windows\System32\WS2_32.dll
0x00007ffbc0540000 - 0x00007ffbc058b000 	C:\windows\SYSTEM32\POWRPROF.dll
0x00007ffbb5080000 - 0x00007ffbb508a000 	C:\windows\SYSTEM32\VERSION.dll
0x00007ffbaf910000 - 0x00007ffbaf937000 	C:\windows\SYSTEM32\WINMM.dll
0x00007ffbc0520000 - 0x00007ffbc0532000 	C:\windows\SYSTEM32\UMPDC.dll
0x00007ffbbeff0000 - 0x00007ffbbf002000 	C:\windows\SYSTEM32\kernel.appcore.dll
0x00007ffba0400000 - 0x00007ffba040a000 	C:\JAVA\jdk-21.0.2\bin\jimage.dll
0x00007ffba9ac0000 - 0x00007ffba9ca4000 	C:\windows\SYSTEM32\DBGHELP.DLL
0x00007ffb9c1f0000 - 0x00007ffb9c21c000 	C:\windows\SYSTEM32\dbgcore.DLL
0x00007ffbc0b40000 - 0x00007ffbc0bc3000 	C:\windows\System32\bcryptPrimitives.dll
0x00007ffba03f0000 - 0x00007ffba03ff000 	C:\JAVA\jdk-21.0.2\bin\instrument.dll
0x00007ffb9f3d0000 - 0x00007ffb9f3ef000 	C:\JAVA\jdk-21.0.2\bin\java.dll
0x00007ffb9f3b0000 - 0x00007ffb9f3c8000 	C:\JAVA\jdk-21.0.2\bin\zip.dll
0x00007ffbc1b40000 - 0x00007ffbc227f000 	C:\windows\System32\SHELL32.dll
0x00007ffbb3bf0000 - 0x00007ffbb4381000 	C:\windows\SYSTEM32\windows.storage.dll
0x00007ffbc1730000 - 0x00007ffbc1a85000 	C:\windows\System32\combase.dll
0x00007ffbc0070000 - 0x00007ffbc009c000 	C:\windows\SYSTEM32\Wldp.dll
0x00007ffbc2460000 - 0x00007ffbc250e000 	C:\windows\System32\SHCORE.dll
0x00007ffbc2e70000 - 0x00007ffbc2ec5000 	C:\windows\System32\shlwapi.dll
0x00007ffbc0610000 - 0x00007ffbc062f000 	C:\windows\SYSTEM32\profapi.dll
0x00007ffb8cdb0000 - 0x00007ffb8ce87000 	C:\JAVA\jdk-21.0.2\bin\jsvml.dll
0x00007ffba03e0000 - 0x00007ffba03f0000 	C:\JAVA\jdk-21.0.2\bin\net.dll
0x00007ffbbf6f0000 - 0x00007ffbbf7fa000 	C:\windows\SYSTEM32\WINHTTP.dll
0x00007ffbbfdd0000 - 0x00007ffbbfe3a000 	C:\windows\system32\mswsock.dll
0x00007ffb9e540000 - 0x00007ffb9e556000 	C:\JAVA\jdk-21.0.2\bin\nio.dll
0x00007ffb9e340000 - 0x00007ffb9e35a000 	C:\Program Files\JetBrains\IntelliJ IDEA Community Edition 2024.3.3\bin\breakgen64.dll
0x00007ffb9f360000 - 0x00007ffb9f369000 	C:\JAVA\jdk-21.0.2\bin\extnet.dll
0x00007ffbb6140000 - 0x00007ffbb6157000 	C:\windows\system32\napinsp.dll
0x00007ffbb6160000 - 0x00007ffbb617b000 	C:\windows\system32\pnrpnsp.dll
0x00007ffbb6120000 - 0x00007ffbb6135000 	C:\windows\system32\wshbth.dll
0x00007ffbb9ea0000 - 0x00007ffbb9ebd000 	C:\windows\system32\NLAapi.dll
0x00007ffbbfac0000 - 0x00007ffbbfafb000 	C:\windows\SYSTEM32\IPHLPAPI.DLL
0x00007ffbbfb00000 - 0x00007ffbbfbcc000 	C:\windows\SYSTEM32\DNSAPI.dll
0x00007ffbc1b30000 - 0x00007ffbc1b38000 	C:\windows\System32\NSI.dll
0x00007ffbb6180000 - 0x00007ffbb6192000 	C:\windows\System32\winrnr.dll
0x00007ffbb8c50000 - 0x00007ffbb8c5a000 	C:\Windows\System32\rasadhlp.dll
0x00007ffbbb540000 - 0x00007ffbbb5bf000 	C:\windows\System32\fwpuclnt.dll
0x00007ffbc0f20000 - 0x00007ffbc0f47000 	C:\windows\System32\bcrypt.dll
0x00007ffbad170000 - 0x00007ffbad17a000 	C:\JAVA\jdk-21.0.2\bin\management.dll
0x00007ffba5490000 - 0x00007ffba549b000 	C:\JAVA\jdk-21.0.2\bin\management_ext.dll
0x00007ffbc1000000 - 0x00007ffbc1008000 	C:\windows\System32\PSAPI.DLL
0x00007ffbbffc0000 - 0x00007ffbbffd8000 	C:\windows\SYSTEM32\CRYPTSP.dll
0x00007ffbbf660000 - 0x00007ffbbf694000 	C:\windows\system32\rsaenh.dll
0x00007ffbc05d0000 - 0x00007ffbc05fe000 	C:\windows\SYSTEM32\USERENV.dll
0x00007ffbbffb0000 - 0x00007ffbbffbc000 	C:\windows\SYSTEM32\CRYPTBASE.dll
0x00007ffb9dd60000 - 0x00007ffb9dd70000 	C:\JAVA\jdk-21.0.2\bin\verify.dll
0x00007ffb9f940000 - 0x00007ffb9f94e000 	C:\JAVA\jdk-21.0.2\bin\sunmscapi.dll
0x00007ffbc0c20000 - 0x00007ffbc0d7f000 	C:\windows\System32\CRYPT32.dll
0x00007ffbc00e0000 - 0x00007ffbc0107000 	C:\windows\SYSTEM32\ncrypt.dll
0x00007ffbc00a0000 - 0x00007ffbc00db000 	C:\windows\SYSTEM32\NTASN1.dll

dbghelp: loaded successfully - version: 4.0.5 - missing functions: none
symbol engine: initialized successfully - sym options: 0x614 - pdb path: .;C:\JAVA\jdk-21.0.2\bin;C:\windows\SYSTEM32;C:\windows\WinSxS\amd64_microsoft.windows.common-controls_6595b64144ccf1df_6.0.19041.1110_none_60b5254171f9507e;C:\JAVA\jdk-21.0.2\bin\server;C:\Program Files\JetBrains\IntelliJ IDEA Community Edition 2024.3.3\bin

VM Arguments:
jvm_args: -ea -Dallure.results.directory=C:\Users\SHatwar\IdeaProjects\sarthak_turnOff_gng_searchaccounts_api\target/allure-results -Doracle.jdbc.timezoneAsRegion=false -Didea.test.cyclic.buffer.size=1048576 -javaagent:C:\Program Files\JetBrains\IntelliJ IDEA Community Edition 2024.3.3\lib\idea_rt.jar=59665:C:\Program Files\JetBrains\IntelliJ IDEA Community Edition 2024.3.3\bin -javaagent:C:\Users\SHatwar\AppData\Local\JetBrains\IdeaIC2024.3\captureAgent\debugger-agent.jar -Dkotlinx.coroutines.debug.enable.creation.stack.trace=false -Ddebugger.agent.enable.coroutines=true -Dkotlinx.coroutines.debug.enable.flows.stack.trace=true -Dkotlinx.coroutines.debug.enable.mutable.state.flows.stack.trace=true -Dfile.encoding=UTF-8 -Dsun.stdout.encoding=UTF-8 -Dsun.stderr.encoding=UTF-8 
java_command: com.intellij.rt.testng.RemoteTestNGStarter -usedefaultlisteners false -socket59664 @w@C:\Users\SHatwar\AppData\Local\Temp\idea_working_dirs_testng.tmp -temp C:\Users\SHatwar\AppData\Local\Temp\idea_testng.tmp
java_class_path (initial): C:\Program Files\JetBrains\IntelliJ IDEA Community Edition 2024.3.3\lib\idea_rt.jar;C:\Program Files\JetBrains\IntelliJ IDEA Community Edition 2024.3.3\plugins\testng\lib\testng-rt.jar;C:\Users\SHatwar\IdeaProjects\sarthak_turnOff_gng_searchaccounts_api\target\test-classes;C:\Users\SHatwar\IdeaProjects\sarthak_turnOff_gng_searchaccounts_api\target\classes;C:\Users\SHatwar\.m2\repository\net\masterthought\cucumber-reporting\5.8.2\cucumber-reporting-5.8.2.jar;C:\Users\SHatwar\.m2\repository\com\fasterxml\jackson\datatype\jackson-datatype-jsr310\2.17.0\jackson-datatype-jsr310-2.17.0.jar;C:\Users\SHatwar\.m2\repository\org\apache\velocity\velocity-engine-core\2.3\velocity-engine-core-2.3.jar;C:\Users\SHatwar\.m2\repository\joda-time\joda-time\2.12.7\joda-time-2.12.7.jar;C:\Users\SHatwar\.m2\repository\org\apache\commons\commons-configuration2\2.10.1\commons-configuration2-2.10.1.jar;C:\Users\SHatwar\.m2\repository\org\apache\commons\commons-lang3\3.14.0\commons-lang3-3.14.0.jar;C:\Users\SHatwar\.m2\repository\org\apache\commons\commons-text\1.11.0\commons-text-1.11.0.jar;C:\Users\SHatwar\.m2\repository\org\jsoup\jsoup\1.17.2\jsoup-1.17.2.jar;C:\Users\SHatwar\.m2\repository\com\googlecode\owasp-java-html-sanitizer\owasp-java-html-sanitizer\20240325.1\owasp-java-html-sanitizer-20240325.1.jar;C:\Users\SHatwar\.m2\repository\com\googlecode\owasp-java-html-sanitizer\java8-shim\20240325.1\java8-shim-20240325.1.jar;C:\Users\SHatwar\.m2\repository\com\googlecode\owasp-java-html-sanitizer\java10-shim\20240325.1\java10-shim-20240325.1.jar;C:\Users\SHatwar\.m2\repository\org\slf4j\jcl-over-slf4j\2.0.13\jcl-over-slf4j-2.0.13.jar;C:\Users\SHatwar\.m2\repository\io\cucumber\cucumber-java\7.21.1\cucumber-java-7.21.1.jar;C:\Users\SHatwar\.m2\repository\io\cucumber\cucumber-core\7.21.1\cucumber-core-7.21.1.jar;C:\Users\SHatwar\.m2\repository\io\cucumber\cucumber-gherkin\7.21.1\cucumber-gherkin-7.21.1.jar;C:\Users\SHatwar\.m2\repository\io\cucumber\cucumber-gherkin-messages\7.21.1\cucumber-gherkin-messages-7.21.1.jar;C:\Users\SHatwar\.m2\repository\io\cucumber\gherkin\31.0.0\gherkin-31.0.0.jar;C:\Users\SHatwar\.m2\repository\io\cucumber\messages\27.2.0\messages-27.2.0.jar;C:\Users\SHatwar\.m2\repository\io\cucumber\testng-xml-formatter\0.3.1\testng-xml-formatter-0.3.1.jar;C:\Users\SHatwar\.m2\repository\io\cucumber\query\13.2.0\query-13.2.0.jar;C:\Users\SHatwar\.m2\repository\io\cucumber\tag-expressions\6.1.2\tag-expressions-6.1.2.jar;C:\Users\SHatwar\.m2\repository\io\cucumber\cucumber-expressions\18.0.1\cucumber-expressions-18.0.1.jar;C:\Users\SHatwar\.m2\repository\io\cucumber\datatable\7.21.1\datatable-7.21.1.jar;C:\Users\SHatwar\.m2\repository\io\cucumber\cucumber-plugin\7.21.1\cucumber-plugin-7.21.1.jar;C:\Users\SHatwar\.m2\repository\io\cucumber\docstring\7.21.1\docstring-7.21.1.jar;C:\Users\SHatwar\.m2\repository\io\cucumber\html-formatter\21.9.0\html-formatter-21.9.0.jar;C:\Users\SHatwar\.m2\repository\io\cucumber\junit-xml-formatter\0.7.1\junit-xml-formatter-0.7.1.jar;C:\Users\SHatwar\.m2\repository\io\cucumber\ci-environment\10.0.1\ci-environment-10.0.1.jar;C:\Users\SHatwar\.m2\repository\org\apiguardian\apiguardian-api\1.1.2\apiguardian-api-1.1.2.jar;C:\Users\SHatwar\.m2\repository\io\cucumber\cucumber-testng\7.21.1\cucumber-testng-7.21.1.jar;C:\Users\SHatwar\.m2\repository\io\cucumber\cucumber-picocontainer\7.21.1\cucumber-picocontainer-7.21.1.jar;C:\Users\SHatwar\.m2\repository\org\picocontainer\picocontainer\2.15\picocontainer-2.15.jar;C:\Users\SHatwar\.m2\repository\org\testng\testng\7.10.2\testng-7.10.2.jar;C:\Users\SHatwar\.m2\repository\com\beust\jcommander\1.82\jcommander-1.82.jar;C:\Users\SHatwar\.m2\repository\org\webjars\jquery\3.7.1\jquery-3.7.1.jar;C:\Users\SHatwar\.m2\repository\io\rest-assured\rest-assured\5.5.0\rest-assured-5.5.0.jar;C:\Users\SHatwar\.m2\repository\org\apache\groovy\groovy\4.0.22\groovy-4.0.22.jar;C:\Users\SHatwar\.m2\repository\org\apache\groovy\groovy-xml\4.0.22\groovy-xml-4.0.22.jar;C:\Users\SHatwar\.m2\repository\org\apache\httpcomponents\httpclient\4.5.13\httpclient-4.5.13.jar;C:\Users\SHatwar\.m2\repository\org\apache\httpcomponents\httpcore\4.4.13\httpcore-4.4.13.jar;C:\Users\SHatwar\.m2\repository\org\apache\httpcomponents\httpmime\4.5.13\httpmime-4.5.13.jar;C:\Users\SHatwar\.m2\repository\org\ccil\cowan\tagsoup\tagsoup\1.2.1\tagsoup-1.2.1.jar;C:\Users\SHatwar\.m2\repository\io\rest-assured\json-path\5.5.0\json-path-5.5.0.jar;C:\Users\SHatwar\.m2\repository\org\apache\groovy\groovy-json\4.0.22\groovy-json-4.0.22.jar;C:\Users\SHatwar\.m2\repository\io\rest-assured\rest-assured-common\5.5.0\rest-assured-common-5.5.0.jar;C:\Users\SHatwar\.m2\repository\io\rest-assured\xml-path\5.5.0\xml-path-5.5.0.jar;C:\Users\SHatwar\.m2\repository\com\fasterxml\jackson\core\jackson-databind\2.18.0\jackson-databind-2.18.0.jar;C:\Users\SHatwar\.m2\repository\com\fasterxml\jackson\core\jackson-annotations\2.18.0\jackson-annotations-2.18.0.jar;C:\Users\SHatwar\.m2\repository\com\fasterxml\jackson\core\jackson-core\2.18.0\jackson-core-2.18.0.jar;C:\Users\SHatwar\.m2\repository\com\fasterxml\jackson\dataformat\jackson-dataformat-yaml\2.18.0\jackson-dataformat-yaml-2.18.0.jar;C:\Users\SHatwar\.m2\repository\org\hamcrest\hamcrest\3.0\hamcrest-3.0.jar;C:\Users\SHatwar\.m2\repository\org\apache\logging\log4j\log4j-slf4j2-impl\3.0.0-alpha1\log4j-slf4j2-impl-3.0.0-alpha1.jar;C:\Users\SHatwar\.m2\repository\org\apache\logging\log4j\log4j-api\3.0.0-alpha1\log4j-api-3.0.0-alpha1.jar;C:\Users\SHatwar\.m2\repository\org\apache\logging\log4j\log4j-core\3.0.0-alpha1\log4j-core-3.0.0-alpha1.jar;C:\Users\SHatwar\.m2\repository\org\apache\logging\log4j\log4j-plugins\3.0.0-alpha1\log4j-plugins-3.0.0-alpha1.jar;C:\Users\SHatwar\.m2\repository\javax\activation\javax.activation-api\1.2.0\javax.activation-api-1.2.0.jar;C:\Users\SHatwar\.m2\repository\javax\xml\bind\jaxb-api\2.3.1\jaxb-api-2.3.1.jar;C:\Users\SHatwar\.m2\repository\com\fasterxml\woodstox\woodstox-core\6.5.0\woodstox-core-6.5.0.jar;C:\Users\SHatwar\.m2\repository\org\codehaus\woodstox\stax2-api\4.2.1\stax2-api-4.2.1.jar;C:\Users\SHatwar\.m2\repository\org\slf4j\slf4j-api\2.0.16\slf4j-api-2.0.16.jar;C:\Users\SHatwar\.m2\repository\org\projectlombok\lombok\1.18.34\lombok-1.18.34.jar;C:\Users\SHatwar\.m2\repository\commons-io\commons-io\2.17.0\commons-io-2.17.0.jar;C:\Users\SHatwar\.m2\repository\io\qameta\allure\allure-cucumber7-jvm\2.29.0\allure-cucumber7-jvm-2.29.0.jar;C:\Users\SHatwar\.m2\repository\io\qameta\allure\allure-java-commons\2.29.0\allure-java-commons-2.29.0.jar;C:\Users\SHatwar\.m2\repository\io\qameta\allure\allure-model\2.29.0\allure-model-2.29.0.jar;C:\Users\SHatwar\.m2\repository\com\aventstack\extentreports\5.1.2\extentreports-5.1.2.jar;C:\Users\SHatwar\.m2\repository\io\reactivex\rxjava3\rxjava\3.1.6\rxjava-3.1.6.jar;C:\Users\SHatwar\.m2\repository\org\reactivestreams\reactive-streams\1.0.4\reactive-streams-1.0.4.jar;C:\Users\SHatwar\.m2\repository\org\freemarker\freemarker\2.3.32\freemarker-2.3.32.jar;C:\Users\SHatwar\.m2\repository\com\google\code\gson\gson\2.10.1\gson-2.10.1.jar;C:\Users\SHatwar\.m2\repository\com\github\javafaker\javafaker\1.0.2\javafaker-1.0.2.jar;C:\Users\SHatwar\.m2\repository\org\yaml\snakeyaml\1.23\snakeyaml-1.23-android.jar;C:\Users\SHatwar\.m2\repository\com\github\mifmif\generex\1.0.2\generex-1.0.2.jar;C:\Users\SHatwar\.m2\repository\dk\brics\automaton\automaton\1.11-8\automaton-1.11-8.jar;C:\Users\SHatwar\.m2\repository\org\springframework\spring-jdbc\6.1.12\spring-jdbc-6.1.12.jar;C:\Users\SHatwar\.m2\repository\org\springframework\spring-beans\6.1.12\spring-beans-6.1.12.jar;C:\Users\SHatwar\.m2\repository\org\springframework\spring-core\6.1.12\spring-core-6.1.12.jar;C:\Users\SHatwar\.m2\repository\org\springframework\spring-jcl\6.1.12\spring-jcl-6.1.12.jar;C:\Users\SHatwar\.m2\repository\org\springframework\spring-tx\6.1.12\spring-tx-6.1.12.jar;C:\Users\SHatwar\.m2\repository\com\oracle\database\jdbc\ojdbc11\23.5.0.24.07\ojdbc11-23.5.0.24.07.jar;C:\Users\SHatwar\.m2\repository\org\yaml\snakeyaml\2.3\snakeyaml-2.3.jar;C:\Users\SHatwar\.m2\repository\org\assertj\assertj-core\3.26.3\assertj-core-3.26.3.jar;C:\Users\SHatwar\.m2\repository\net\bytebuddy\byte-buddy\1.14.18\byte-buddy-1.14.18.jar;C:\Users\SHatwar\.m2\repository\org\knowm\xchart\xchart\3.8.0\xchart-3.8.0.jar;C:\Users\SHatwar\.m2\repository\de\erichseifert\vectorgraphics2d\VectorGraphics2D\0.13\VectorGraphics2D-0.13.jar;C:\Users\SHatwar\.m2\repository\de\rototor\pdfbox\graphics2d\0.30\graphics2d-0.30.jar;C:\Users\SHatwar\.m2\repository\org\apache\pdfbox\pdfbox\2.0.22\pdfbox-2.0.22.jar;C:\Users\SHatwar\.m2\repository\org\apache\pdfbox\fontbox\2.0.22\fontbox-2.0.22.jar;C:\Users\SHatwar\.m2\repository\commons-logging\commons-logging\1.2\commons-logging-1.2.jar;C:\Users\SHatwar\.m2\repository\com\madgag\animated-gif-lib\1.4\animated-gif-lib-1.4.jar;C:\Users\SHatwar\.m2\repository\org\apache\poi\poi-ooxml\5.2.3\poi-ooxml-5.2.3.jar;C:\Users\SHatwar\.m2\repository\org\apache\poi\poi\5.2.3\poi-5.2.3.jar;C:\Users\SHatwar\.m2\repository\commons-codec\commons-codec\1.15\commons-codec-1.15.jar;C:\Users\SHatwar\.m2\repository\org\apache\commons\commons-math3\3.6.1\commons-math3-3.6.1.jar;C:\Users\SHatwar\.m2\repository\com\zaxxer\SparseBitSet\1.2\SparseBitSet-1.2.jar;C:\Users\SHatwar\.m2\repository\org\apache\poi\poi-ooxml-lite\5.2.3\poi-ooxml-lite-5.2.3.jar;C:\Users\SHatwar\.m2\repository\org\apache\xmlbeans\xmlbeans\5.1.1\xmlbeans-5.1.1.jar;C:\Users\SHatwar\.m2\repository\org\apache\commons\commons-compress\1.21\commons-compress-1.21.jar;C:\Users\SHatwar\.m2\repository\com\github\virtuald\curvesapi\1.07\curvesapi-1.07.jar;C:\Users\SHatwar\.m2\repository\org\apache\commons\commons-collections4\4.4\commons-collections4-4.4.jar
Launcher Type: SUN_STANDARD

[Global flags]
     intx CICompilerCount                          = 4                                         {product} {ergonomic}
     uint ConcGCThreads                            = 2                                         {product} {ergonomic}
     uint G1ConcRefinementThreads                  = 8                                         {product} {ergonomic}
   size_t G1HeapRegionSize                         = 4194304                                   {product} {ergonomic}
    uintx GCDrainStackTargetSize                   = 64                                        {product} {ergonomic}
   size_t InitialHeapSize                          = 536870912                                 {product} {ergonomic}
   size_t MarkStackSize                            = 4194304                                   {product} {ergonomic}
   size_t MaxHeapSize                              = 8589934592                                {product} {ergonomic}
   size_t MaxNewSize                               = 5150605312                                {product} {ergonomic}
   size_t MinHeapDeltaBytes                        = 4194304                                   {product} {ergonomic}
   size_t MinHeapSize                              = 8388608                                   {product} {ergonomic}
    uintx NonNMethodCodeHeapSize                   = 5839372                                {pd product} {ergonomic}
    uintx NonProfiledCodeHeapSize                  = 122909434                              {pd product} {ergonomic}
    uintx ProfiledCodeHeapSize                     = 122909434                              {pd product} {ergonomic}
    uintx ReservedCodeCacheSize                    = 251658240                              {pd product} {ergonomic}
     bool SegmentedCodeCache                       = true                                      {product} {ergonomic}
   size_t SoftMaxHeapSize                          = 8589934592                             {manageable} {ergonomic}
     bool UseCompressedOops                        = true                           {product lp64_product} {ergonomic}
     bool UseG1GC                                  = true                                      {product} {ergonomic}
     bool UseLargePagesIndividualAllocation        = false                                  {pd product} {ergonomic}

Logging:
Log output configuration:
 #0: stdout all=warning uptime,level,tags foldmultilines=false
 #1: stderr all=off uptime,level,tags foldmultilines=false

Environment Variables:
JAVA_HOME=C:\JAVA\jdk-21.0.2
PATH=C:\Program Files\Semeru\jdk-18.0.2.9-openj9\bin;C:\windows\system32;C:\windows;C:\windows\System32\Wbem;C:\windows\System32\WindowsPowerShell\v1.0\;C:\windows\System32\OpenSSH\;C:\Program Files (x86)\Microsoft SQL Server\160\DTS\Binn\;C:\Program Files\Git\cmd;C:\Apache Maven\apache-maven-3.9.9\bin;C:\Apache Maven\apache-maven-3.9.9;C:\JAVA\jdk-21.0.2;C:\JAVA\jdk-21.0.2\bin;C:\Program Files\Microsoft SQL Server\150\Tools\Binn\;C:\Program Files\Microsoft SQL Server\Client SDK\ODBC\170\Tools\Binn\;C:\Program Files\dotnet\;C:\JAVA\jdk-21.0.2;C:\JAVA\jdk-21.0.2\bin;C:\apache-maven-3.9.9;C:\apache-maven-3.9.9\bin;C:\Users\SHatwar\AppData\Local\Microsoft\WindowsApps;
USERNAME=SHatwar
OS=Windows_NT
PROCESSOR_IDENTIFIER=Intel64 Family 6 Model 85 Stepping 4, GenuineIntel
TMP=C:\Users\SHatwar\AppData\Local\Temp
TEMP=C:\Users\SHatwar\AppData\Local\Temp




Periodic native trim disabled

---------------  S Y S T E M  ---------------

OS:
 Windows Server 2019 , 64 bit Build 19041 (10.0.19041.1023)
OS uptime: 13 days 17:06 hours
Hyper-V virtualization detected

CPU: total 8 (initial active 8) (8 cores per cpu, 1 threads per core) family 6 model 85 stepping 4 microcode 0xffffffff, cx8, cmov, fxsr, mmx, 3dnowpref, sse, sse2, sse3, ssse3, sse4.1, sse4.2, popcnt, lzcnt, tsc, avx, avx2, aes, erms, clmul, bmi1, bmi2, rtm, adx, fma, vzeroupper, clflush, clflushopt, hv, rdtscp, f16c
Processor Information for all 8 processors :
  Max Mhz: 2095, Current Mhz: 2095, Mhz Limit: 2095

Memory: 4k page, system-wide physical 32767M (374M free)
TotalPageFile size 40959M (AvailPageFile size 411M)
current process WorkingSet (physical memory assigned to process): 3850M, peak: 3850M
current process commit charge ("private bytes"): 4612M, peak: 6320M

vm_info: OpenJDK 64-Bit Server VM (21.0.2+13-58) for windows-amd64 JRE (21.0.2+13-58), built on 2024-01-05T18:32:24Z by "mach5one" with MS VC++ 17.1 (VS2022)

END.
